product_id,name,category,unit,price,dietary_tags,description,frequently_bought_together
GROC_0001,Nature's Best Premium Whipped Cream,Dairy & Eggs,250g,5.5,keto_friendly;vegetarian,Shop Nature's Best Premium Whipped Cream (250g). Keywords: dairy  eggs whipped cream nature's best premium. Perfect for everyday meals and snacks.,GROC_0189;GROC_0561
GROC_0002,SunKissed Processed Cheese,Dairy & Eggs,500g,6.03,keto_friendly;vegetarian,Shop SunKissed Processed Cheese (500g). Keywords: dairy  eggs cheese sunkissed processed. Perfect for everyday meals and snacks.,GROC_0262;GROC_0366;GROC_0709
GROC_0003,FarmFresh Paneer,Dairy & Eggs,250g,3.61,keto_friendly;vegetarian,Shop FarmFresh Paneer (250g). Keywords: dairy  eggs paneer farmfresh . Perfect for everyday meals and snacks.,GROC_0032
GROC_0004,Everyday Basics Organic Buttermilk,Dairy & Eggs,500ml,13.42,keto_friendly;organic;vegetarian,Shop Everyday Basics Organic Buttermilk (500ml). Keywords: dairy  eggs buttermilk everyday basics organic. Perfect for everyday meals and snacks.,GROC_0692;GROC_0872;GROC_0329
GROC_0005,Chef's Choice Organic Condensed Milk,Dairy & Eggs,2 lbs,8.93,keto_friendly;organic;vegetarian,Shop Chef's Choice Organic Condensed Milk (2 lbs). Keywords: dairy  eggs condensed milk chef's choice organic. Perfect for everyday meals and snacks.,GROC_0285;GROC_0016;GROC_0804
GROC_0006,MorningDew Organic Eggs,Dairy & Eggs,250g,13.11,keto_friendly;organic;vegetarian,Shop MorningDew Organic Eggs (250g). Keywords: dairy  eggs eggs morningdew organic. Perfect for everyday meals and snacks.,GROC_0606;GROC_0339
GROC_0007,Value Choice Organic Cream,Dairy & Eggs,1L,17.47,keto_friendly;organic;vegetarian,Shop Value Choice Organic Cream (1L). Keywords: dairy  eggs cream value choice organic. Perfect for everyday meals and snacks.,GROC_0576;GROC_0609
GROC_0008,Nature's Best Cultured Cream,Dairy & Eggs,500ml,2.15,keto_friendly;vegetarian,Shop Nature's Best Cultured Cream (500ml). Keywords: dairy  eggs cream nature's best cultured. Perfect for everyday meals and snacks.,GROC_0560;GROC_0731
GROC_0009,Everyday Basics Cream,Dairy & Eggs,1.5L,9.75,keto_friendly;vegetarian,Shop Everyday Basics Cream (1.5L). Keywords: dairy  eggs cream everyday basics . Perfect for everyday meals and snacks.,GROC_0322;GROC_0224;GROC_0923
GROC_0010,Nature's Best Buttermilk,Dairy & Eggs,1 Gallon,7.61,keto_friendly;vegetarian,Shop Nature's Best Buttermilk (1 Gallon). Keywords: dairy  eggs buttermilk nature's best . Perfect for everyday meals and snacks.,GROC_0386;GROC_0184
GROC_0011,Everyday Basics Organic Whipped Cream,Dairy & Eggs,1 lb,13.22,keto_friendly;organic;vegetarian,Shop Everyday Basics Organic Whipped Cream (1 lb). Keywords: dairy  eggs whipped cream everyday basics organic. Perfect for everyday meals and snacks.,GROC_0318;GROC_0296
GROC_0012,GreenValley 2% Milk,Dairy & Eggs,1L,12.81,keto_friendly;vegetarian,Shop GreenValley 2% Milk (1L). Keywords: dairy  eggs milk greenvalley 2%. Perfect for everyday meals and snacks.,GROC_0611;GROC_0541
GROC_0013,Essential Cultured Yogurt,Dairy & Eggs,500g,4.33,keto_friendly;vegetarian,Shop Essential Cultured Yogurt (500g). Keywords: dairy  eggs yogurt essential cultured. Perfect for everyday meals and snacks.,GROC_0825;GROC_0475;GROC_0093
GROC_0014,Essential Organic Whipped Cream,Dairy & Eggs,1 lb,7.61,keto_friendly;organic;vegetarian,Shop Essential Organic Whipped Cream (1 lb). Keywords: dairy  eggs whipped cream essential organic. Perfect for everyday meals and snacks.,GROC_0790;GROC_0709
GROC_0015,GreenValley Yogurt,Dairy & Eggs,5kg,8.3,keto_friendly;vegetarian,Shop GreenValley Yogurt (5kg). Keywords: dairy  eggs yogurt greenvalley . Perfect for everyday meals and snacks.,GROC_1013;GROC_0505;GROC_0046
GROC_0016,Chef's Choice Mozzarella Cheese,Dairy & Eggs,2kg,10.54,keto_friendly;vegetarian,Shop Chef's Choice Mozzarella Cheese (2kg). Keywords: dairy  eggs cheese chef's choice mozzarella. Perfect for everyday meals and snacks.,GROC_0693;GROC_0995
GROC_0017,Harvest Large Eggs,Dairy & Eggs,2kg,11.1,keto_friendly;vegetarian,Shop Harvest Large Eggs (2kg). Keywords: dairy  eggs eggs harvest large. Perfect for everyday meals and snacks.,GROC_0867;GROC_0747;GROC_0683
GROC_0018,FarmFresh Sour Cream,Dairy & Eggs,2kg,10.65,keto_friendly;vegetarian,Shop FarmFresh Sour Cream (2kg). Keywords: dairy  eggs sour cream farmfresh . Perfect for everyday meals and snacks.,GROC_0349
GROC_0019,Value Choice Organic Paneer,Dairy & Eggs,500g,16.73,keto_friendly;organic;vegetarian,Shop Value Choice Organic Paneer (500g). Keywords: dairy  eggs paneer value choice organic. Perfect for everyday meals and snacks.,GROC_0756;GROC_1001;GROC_0742
GROC_0020,Harvest Organic Ghee,Dairy & Eggs,1 lb,18.0,keto_friendly;organic;vegetarian,Shop Harvest Organic Ghee (1 lb). Keywords: dairy  eggs ghee harvest organic. Perfect for everyday meals and snacks.,GROC_0736;GROC_0518;GROC_0205
GROC_0021,Harvest Organic Paneer,Dairy & Eggs,100g,5.84,keto_friendly;organic;vegetarian,Shop Harvest Organic Paneer (100g). Keywords: dairy  eggs paneer harvest organic. Perfect for everyday meals and snacks.,GROC_0636
GROC_0022,SunKissed Cultured Yogurt,Dairy & Eggs,5kg,11.76,keto_friendly;vegetarian,Shop SunKissed Cultured Yogurt (5kg). Keywords: dairy  eggs yogurt sunkissed cultured. Perfect for everyday meals and snacks.,GROC_0041;GROC_0082
GROC_0023,OrganicLife Organic Paneer,Dairy & Eggs,2kg,9.95,keto_friendly;organic;vegetarian,Shop OrganicLife Organic Paneer (2kg). Keywords: dairy  eggs paneer organiclife organic. Perfect for everyday meals and snacks.,GROC_0600;GROC_0704;GROC_0902
GROC_0024,MorningDew Butter,Dairy & Eggs,250g,2.82,keto_friendly;vegetarian,Shop MorningDew Butter (250g). Keywords: dairy  eggs butter morningdew . Perfect for everyday meals and snacks.,GROC_0474;GROC_1028;GROC_1012
GROC_0025,MorningDew Processed Cheese,Dairy & Eggs,2 lbs,5.75,keto_friendly;vegetarian,Shop MorningDew Processed Cheese (2 lbs). Keywords: dairy  eggs cheese morningdew processed. Perfect for everyday meals and snacks.,GROC_0706;GROC_0256
GROC_0026,Everyday Basics Premium Paneer,Dairy & Eggs,100g,17.7,keto_friendly;vegetarian,Shop Everyday Basics Premium Paneer (100g). Keywords: dairy  eggs paneer everyday basics premium. Perfect for everyday meals and snacks.,GROC_0110;GROC_0210
GROC_0027,GreenValley Whole Milk,Dairy & Eggs,2L,9.17,keto_friendly;vegetarian,Shop GreenValley Whole Milk (2L). Keywords: dairy  eggs milk greenvalley whole. Perfect for everyday meals and snacks.,GROC_0389;GROC_0014
GROC_0028,MorningDew Premium Buttermilk,Dairy & Eggs,1.5L,3.26,keto_friendly;vegetarian,Shop MorningDew Premium Buttermilk (1.5L). Keywords: dairy  eggs buttermilk morningdew premium. Perfect for everyday meals and snacks.,GROC_0304;GROC_0466
GROC_0029,Daily Delight Paneer,Dairy & Eggs,100g,12.44,keto_friendly;vegetarian,Shop Daily Delight Paneer (100g). Keywords: dairy  eggs paneer daily delight . Perfect for everyday meals and snacks.,GROC_0011;GROC_0118
GROC_0030,Value Choice Condensed Milk,Dairy & Eggs,1kg,11.44,keto_friendly;vegetarian,Shop Value Choice Condensed Milk (1kg). Keywords: dairy  eggs condensed milk value choice . Perfect for everyday meals and snacks.,GROC_0450
GROC_0031,Essential Organic Eggs,Dairy & Eggs,2kg,7.67,keto_friendly;organic;vegetarian,Shop Essential Organic Eggs (2kg). Keywords: dairy  eggs eggs essential organic. Perfect for everyday meals and snacks.,GROC_0857;GROC_1020;GROC_0315
GROC_0032,Chef's Choice Processed Cheese,Dairy & Eggs,250g,8.88,keto_friendly;vegetarian,Shop Chef's Choice Processed Cheese (250g). Keywords: dairy  eggs cheese chef's choice processed. Perfect for everyday meals and snacks.,GROC_0260
GROC_0033,Nature's Best 2% Milk,Dairy & Eggs,1.5L,3.86,keto_friendly;vegetarian,Shop Nature's Best 2% Milk (1.5L). Keywords: dairy  eggs milk nature's best 2%. Perfect for everyday meals and snacks.,GROC_0946;GROC_0865
GROC_0034,Harvest Yogurt,Dairy & Eggs,500g,9.77,keto_friendly;vegetarian,Shop Harvest Yogurt (500g). Keywords: dairy  eggs yogurt harvest . Perfect for everyday meals and snacks.,GROC_0589;GROC_0613;GROC_0622
GROC_0035,MorningDew Organic Butter,Dairy & Eggs,1kg,12.47,keto_friendly;organic;vegetarian,Shop MorningDew Organic Butter (1kg). Keywords: dairy  eggs butter morningdew organic. Perfect for everyday meals and snacks.,GROC_0456
GROC_0036,Daily Delight Cultured Buttermilk,Dairy & Eggs,1.5L,12.56,keto_friendly;vegetarian,Shop Daily Delight Cultured Buttermilk (1.5L). Keywords: dairy  eggs buttermilk daily delight cultured. Perfect for everyday meals and snacks.,GROC_0384;GROC_0308;GROC_0824
GROC_0037,MorningDew Organic Buttermilk,Dairy & Eggs,2L,13.36,keto_friendly;organic;vegetarian,Shop MorningDew Organic Buttermilk (2L). Keywords: dairy  eggs buttermilk morningdew organic. Perfect for everyday meals and snacks.,GROC_0481
GROC_0038,GreenValley Cultured Paneer,Dairy & Eggs,1 lb,11.79,keto_friendly;vegetarian,Shop GreenValley Cultured Paneer (1 lb). Keywords: dairy  eggs paneer greenvalley cultured. Perfect for everyday meals and snacks.,GROC_0194;GROC_0726
GROC_0039,Nature's Best Organic Cottage Cheese,Dairy & Eggs,2kg,2.46,keto_friendly;organic;vegetarian,Shop Nature's Best Organic Cottage Cheese (2kg). Keywords: dairy  eggs cottage cheese nature's best organic. Perfect for everyday meals and snacks.,GROC_0326
GROC_0040,Everyday Basics Skim Milk,Dairy & Eggs,250ml,8.05,keto_friendly;vegetarian,Shop Everyday Basics Skim Milk (250ml). Keywords: dairy  eggs milk everyday basics skim. Perfect for everyday meals and snacks.,GROC_0019;GROC_0946
GROC_0041,Nature's Best Whole Milk,Dairy & Eggs,2L,3.74,keto_friendly;vegetarian,Shop Nature's Best Whole Milk (2L). Keywords: dairy  eggs milk nature's best whole. Perfect for everyday meals and snacks.,GROC_0012
GROC_0042,Essential Whole Milk,Dairy & Eggs,1.5L,7.16,keto_friendly;vegetarian,Shop Essential Whole Milk (1.5L). Keywords: dairy  eggs milk essential whole. Perfect for everyday meals and snacks.,GROC_1026
GROC_0043,GreenValley Organic Eggs,Dairy & Eggs,100g,10.45,keto_friendly;organic;vegetarian,Shop GreenValley Organic Eggs (100g). Keywords: dairy  eggs eggs greenvalley organic. Perfect for everyday meals and snacks.,GROC_0969;GROC_0682
GROC_0044,Harvest Organic Condensed Milk,Dairy & Eggs,100g,14.57,keto_friendly;organic;vegetarian,Shop Harvest Organic Condensed Milk (100g). Keywords: dairy  eggs condensed milk harvest organic. Perfect for everyday meals and snacks.,GROC_0391
GROC_0045,PureHarvest Sour Cream,Dairy & Eggs,2kg,2.15,keto_friendly;vegetarian,Shop PureHarvest Sour Cream (2kg). Keywords: dairy  eggs sour cream pureharvest . Perfect for everyday meals and snacks.,GROC_0710;GROC_0078;GROC_0257
GROC_0046,OrganicLife Cultured Paneer,Dairy & Eggs,2 lbs,9.23,keto_friendly;organic;vegetarian,Shop OrganicLife Cultured Paneer (2 lbs). Keywords: dairy  eggs paneer organiclife cultured. Perfect for everyday meals and snacks.,GROC_0232;GROC_0084
GROC_0047,FarmFresh Condensed Milk,Dairy & Eggs,500g,5.82,keto_friendly;vegetarian,Shop FarmFresh Condensed Milk (500g). Keywords: dairy  eggs condensed milk farmfresh . Perfect for everyday meals and snacks.,GROC_0497;GROC_0136;GROC_0272
GROC_0048,MorningDew Organic Cream,Dairy & Eggs,500ml,4.6,keto_friendly;organic;vegetarian,Shop MorningDew Organic Cream (500ml). Keywords: dairy  eggs cream morningdew organic. Perfect for everyday meals and snacks.,GROC_0061;GROC_1027;GROC_0049
GROC_0049,Gold Standard Cultured Buttermilk,Dairy & Eggs,1L,3.19,keto_friendly;vegetarian,Shop Gold Standard Cultured Buttermilk (1L). Keywords: dairy  eggs buttermilk gold standard cultured. Perfect for everyday meals and snacks.,GROC_0990;GROC_0293;GROC_0004
GROC_0050,Premium Select Cultured Cottage Cheese,Dairy & Eggs,500g,14.96,keto_friendly;vegetarian,Shop Premium Select Cultured Cottage Cheese (500g). Keywords: dairy  eggs cottage cheese premium select cultured. Perfect for everyday meals and snacks.,GROC_0173;GROC_0895;GROC_0437
GROC_0051,Harvest Organic Butter,Dairy & Eggs,2kg,8.21,keto_friendly;organic;vegetarian,Shop Harvest Organic Butter (2kg). Keywords: dairy  eggs butter harvest organic. Perfect for everyday meals and snacks.,GROC_0219;GROC_1013;GROC_0300
GROC_0052,Premium Select Cottage Cheese,Dairy & Eggs,2 lbs,4.15,keto_friendly;vegetarian,Shop Premium Select Cottage Cheese (2 lbs). Keywords: dairy  eggs cottage cheese premium select . Perfect for everyday meals and snacks.,GROC_0149
GROC_0053,PureHarvest Organic Milk,Dairy & Eggs,1.5L,6.18,keto_friendly;organic;vegetarian,Shop PureHarvest Organic Milk (1.5L). Keywords: dairy  eggs milk pureharvest organic. Perfect for everyday meals and snacks.,GROC_0460
GROC_0054,SunKissed Organic Condensed Milk,Dairy & Eggs,100g,4.58,keto_friendly;organic;vegetarian,Shop SunKissed Organic Condensed Milk (100g). Keywords: dairy  eggs condensed milk sunkissed organic. Perfect for everyday meals and snacks.,GROC_0664
GROC_0055,FarmFresh Premium Yogurt,Dairy & Eggs,250g,2.35,keto_friendly;vegetarian,Shop FarmFresh Premium Yogurt (250g). Keywords: dairy  eggs yogurt farmfresh premium. Perfect for everyday meals and snacks.,GROC_0086;GROC_0230
GROC_0056,Gold Standard Ghee,Dairy & Eggs,1kg,16.52,keto_friendly;vegetarian,Shop Gold Standard Ghee (1kg). Keywords: dairy  eggs ghee gold standard . Perfect for everyday meals and snacks.,GROC_0112;GROC_0510
GROC_0057,Essential Butter,Dairy & Eggs,1kg,8.13,keto_friendly;vegetarian,Shop Essential Butter (1kg). Keywords: dairy  eggs butter essential . Perfect for everyday meals and snacks.,GROC_0310
GROC_0058,Essential Cultured Whipped Cream,Dairy & Eggs,2kg,2.43,keto_friendly;vegetarian,Shop Essential Cultured Whipped Cream (2kg). Keywords: dairy  eggs whipped cream essential cultured. Perfect for everyday meals and snacks.,GROC_0152
GROC_0059,Premium Select Ghee,Dairy & Eggs,250g,14.03,keto_friendly;vegetarian,Shop Premium Select Ghee (250g). Keywords: dairy  eggs ghee premium select . Perfect for everyday meals and snacks.,GROC_0116;GROC_0724
GROC_0060,Everyday Basics Premium Ghee,Dairy & Eggs,1 lb,10.42,keto_friendly;vegetarian,Shop Everyday Basics Premium Ghee (1 lb). Keywords: dairy  eggs ghee everyday basics premium. Perfect for everyday meals and snacks.,GROC_0654;GROC_0155
GROC_0061,OrganicLife Premium Condensed Milk,Dairy & Eggs,2kg,8.04,keto_friendly;organic;vegetarian,Shop OrganicLife Premium Condensed Milk (2kg). Keywords: dairy  eggs condensed milk organiclife premium. Perfect for everyday meals and snacks.,GROC_0039;GROC_0125;GROC_0728
GROC_0062,GreenValley Cultured Whipped Cream,Dairy & Eggs,5kg,4.78,keto_friendly;vegetarian,Shop GreenValley Cultured Whipped Cream (5kg). Keywords: dairy  eggs whipped cream greenvalley cultured. Perfect for everyday meals and snacks.,GROC_0440
GROC_0063,Harvest Sour Cream,Dairy & Eggs,500g,6.49,keto_friendly;vegetarian,Shop Harvest Sour Cream (500g). Keywords: dairy  eggs sour cream harvest . Perfect for everyday meals and snacks.,GROC_0454
GROC_0064,Nature's Best Organic Ghee,Dairy & Eggs,500g,15.48,keto_friendly;organic;vegetarian,Shop Nature's Best Organic Ghee (500g). Keywords: dairy  eggs ghee nature's best organic. Perfect for everyday meals and snacks.,GROC_0710;GROC_0544
GROC_0065,Harvest Cheddar Cheese,Dairy & Eggs,1 lb,15.54,keto_friendly;vegetarian,Shop Harvest Cheddar Cheese (1 lb). Keywords: dairy  eggs cheese harvest cheddar. Perfect for everyday meals and snacks.,GROC_0764;GROC_0767
GROC_0066,Value Choice Cultured Cream,Dairy & Eggs,1L,10.99,keto_friendly;vegetarian,Shop Value Choice Cultured Cream (1L). Keywords: dairy  eggs cream value choice cultured. Perfect for everyday meals and snacks.,GROC_0807
GROC_0067,Value Choice Premium Condensed Milk,Dairy & Eggs,250g,17.04,keto_friendly;vegetarian,Shop Value Choice Premium Condensed Milk (250g). Keywords: dairy  eggs condensed milk value choice premium. Perfect for everyday meals and snacks.,GROC_0936;GROC_0619;GROC_0314
GROC_0068,Harvest Premium Butter,Dairy & Eggs,1kg,3.33,keto_friendly;vegetarian,Shop Harvest Premium Butter (1kg). Keywords: dairy  eggs butter harvest premium. Perfect for everyday meals and snacks.,GROC_0194;GROC_0383
GROC_0069,SunKissed Premium Butter,Dairy & Eggs,1kg,6.12,keto_friendly;vegetarian,Shop SunKissed Premium Butter (1kg). Keywords: dairy  eggs butter sunkissed premium. Perfect for everyday meals and snacks.,GROC_0356;GROC_0628;GROC_0981
GROC_0070,SunKissed Organic Yogurt,Dairy & Eggs,1 lb,12.94,keto_friendly;organic;vegetarian,Shop SunKissed Organic Yogurt (1 lb). Keywords: dairy  eggs yogurt sunkissed organic. Perfect for everyday meals and snacks.,GROC_0541
GROC_0071,Chef's Choice Large Eggs,Dairy & Eggs,100g,11.85,keto_friendly;vegetarian,Shop Chef's Choice Large Eggs (100g). Keywords: dairy  eggs eggs chef's choice large. Perfect for everyday meals and snacks.,GROC_1061;GROC_0532;GROC_0265
GROC_0072,Nature's Best Organic Milk,Dairy & Eggs,2L,15.32,keto_friendly;organic;vegetarian,Shop Nature's Best Organic Milk (2L). Keywords: dairy  eggs milk nature's best organic. Perfect for everyday meals and snacks.,GROC_0232
GROC_0073,FarmFresh Skim Milk,Dairy & Eggs,1.5L,8.64,keto_friendly;vegetarian,Shop FarmFresh Skim Milk (1.5L). Keywords: dairy  eggs milk farmfresh skim. Perfect for everyday meals and snacks.,GROC_0874;GROC_0811;GROC_0789
GROC_0074,Daily Delight Medium Eggs,Dairy & Eggs,100g,7.72,keto_friendly;vegetarian,Shop Daily Delight Medium Eggs (100g). Keywords: dairy  eggs eggs daily delight medium. Perfect for everyday meals and snacks.,GROC_0233;GROC_0733
GROC_0075,Nature's Best Butter,Dairy & Eggs,1kg,11.01,keto_friendly;vegetarian,Shop Nature's Best Butter (1kg). Keywords: dairy  eggs butter nature's best . Perfect for everyday meals and snacks.,GROC_0702;GROC_0569
GROC_0076,Chef's Choice Cultured Ghee,Dairy & Eggs,1kg,6.52,keto_friendly;vegetarian,Shop Chef's Choice Cultured Ghee (1kg). Keywords: dairy  eggs ghee chef's choice cultured. Perfect for everyday meals and snacks.,GROC_0590
GROC_0077,OrganicLife Large Eggs,Dairy & Eggs,250g,4.92,keto_friendly;organic;vegetarian,Shop OrganicLife Large Eggs (250g). Keywords: dairy  eggs eggs organiclife large. Perfect for everyday meals and snacks.,GROC_1058;GROC_1021
GROC_0078,GreenValley Premium Yogurt,Dairy & Eggs,500g,14.49,keto_friendly;vegetarian,Shop GreenValley Premium Yogurt (500g). Keywords: dairy  eggs yogurt greenvalley premium. Perfect for everyday meals and snacks.,GROC_0777;GROC_0124;GROC_0457
GROC_0079,Everyday Basics Organic Paneer,Dairy & Eggs,1kg,15.91,keto_friendly;organic;vegetarian,Shop Everyday Basics Organic Paneer (1kg). Keywords: dairy  eggs paneer everyday basics organic. Perfect for everyday meals and snacks.,GROC_0376;GROC_0924;GROC_0541
GROC_0080,MorningDew Cultured Sour Cream,Dairy & Eggs,1kg,1.29,keto_friendly;vegetarian,Shop MorningDew Cultured Sour Cream (1kg). Keywords: dairy  eggs sour cream morningdew cultured. Perfect for everyday meals and snacks.,GROC_0938;GROC_1077;GROC_0242
GROC_0081,Harvest Cultured Condensed Milk,Dairy & Eggs,1 lb,10.62,keto_friendly;vegetarian,Shop Harvest Cultured Condensed Milk (1 lb). Keywords: dairy  eggs condensed milk harvest cultured. Perfect for everyday meals and snacks.,GROC_0442
GROC_0082,MorningDew Premium Condensed Milk,Dairy & Eggs,2kg,4.06,keto_friendly;vegetarian,Shop MorningDew Premium Condensed Milk (2kg). Keywords: dairy  eggs condensed milk morningdew premium. Perfect for everyday meals and snacks.,GROC_0495;GROC_0388;GROC_1011
GROC_0083,Nature's Best Condensed Milk,Dairy & Eggs,2 lbs,11.29,keto_friendly;vegetarian,Shop Nature's Best Condensed Milk (2 lbs). Keywords: dairy  eggs condensed milk nature's best . Perfect for everyday meals and snacks.,GROC_0659;GROC_0215;GROC_0424
GROC_0084,Premium Select Premium Yogurt,Dairy & Eggs,100g,6.51,keto_friendly;vegetarian,Shop Premium Select Premium Yogurt (100g). Keywords: dairy  eggs yogurt premium select premium. Perfect for everyday meals and snacks.,GROC_0402;GROC_1085
GROC_0085,Essential Organic Sour Cream,Dairy & Eggs,2kg,1.78,keto_friendly;organic;vegetarian,Shop Essential Organic Sour Cream (2kg). Keywords: dairy  eggs sour cream essential organic. Perfect for everyday meals and snacks.,GROC_1034
GROC_0086,PureHarvest Premium Yogurt,Dairy & Eggs,1 lb,15.91,keto_friendly;vegetarian,Shop PureHarvest Premium Yogurt (1 lb). Keywords: dairy  eggs yogurt pureharvest premium. Perfect for everyday meals and snacks.,GROC_0476;GROC_0915;GROC_0603
GROC_0087,Value Choice Cultured Sour Cream,Dairy & Eggs,1 lb,9.14,keto_friendly;vegetarian,Shop Value Choice Cultured Sour Cream (1 lb). Keywords: dairy  eggs sour cream value choice cultured. Perfect for everyday meals and snacks.,GROC_0978;GROC_0363;GROC_0519
GROC_0088,OrganicLife Buttermilk,Dairy & Eggs,500ml,16.12,keto_friendly;organic;vegetarian,Shop OrganicLife Buttermilk (500ml). Keywords: dairy  eggs buttermilk organiclife . Perfect for everyday meals and snacks.,GROC_0256;GROC_0941
GROC_0089,Daily Delight Free-Range Eggs,Dairy & Eggs,5kg,2.29,keto_friendly;vegetarian,Shop Daily Delight Free-Range Eggs (5kg). Keywords: dairy  eggs eggs daily delight free-range. Perfect for everyday meals and snacks.,GROC_0060
GROC_0090,PureHarvest Organic Condensed Milk,Dairy & Eggs,250g,7.5,keto_friendly;organic;vegetarian,Shop PureHarvest Organic Condensed Milk (250g). Keywords: dairy  eggs condensed milk pureharvest organic. Perfect for everyday meals and snacks.,GROC_0003
GROC_0091,GreenValley Premium Butter,Dairy & Eggs,1 lb,12.53,keto_friendly;vegetarian,Shop GreenValley Premium Butter (1 lb). Keywords: dairy  eggs butter greenvalley premium. Perfect for everyday meals and snacks.,GROC_0101;GROC_1008
GROC_0092,PureHarvest Cultured Whipped Cream,Dairy & Eggs,1 lb,9.36,keto_friendly;vegetarian,Shop PureHarvest Cultured Whipped Cream (1 lb). Keywords: dairy  eggs whipped cream pureharvest cultured. Perfect for everyday meals and snacks.,GROC_0390;GROC_0542
GROC_0093,PureHarvest Premium Whipped Cream,Dairy & Eggs,1kg,8.21,keto_friendly;vegetarian,Shop PureHarvest Premium Whipped Cream (1kg). Keywords: dairy  eggs whipped cream pureharvest premium. Perfect for everyday meals and snacks.,GROC_0188;GROC_1069
GROC_0094,Value Choice Skim Milk,Dairy & Eggs,1.5L,6.15,keto_friendly;vegetarian,Shop Value Choice Skim Milk (1.5L). Keywords: dairy  eggs milk value choice skim. Perfect for everyday meals and snacks.,GROC_0252;GROC_0554
GROC_0095,Everyday Basics Cultured Ghee,Dairy & Eggs,1 lb,10.29,keto_friendly;vegetarian,Shop Everyday Basics Cultured Ghee (1 lb). Keywords: dairy  eggs ghee everyday basics cultured. Perfect for everyday meals and snacks.,GROC_0254
GROC_0096,Premium Select Organic Whipped Cream,Dairy & Eggs,100g,12.45,keto_friendly;organic;vegetarian,Shop Premium Select Organic Whipped Cream (100g). Keywords: dairy  eggs whipped cream premium select organic. Perfect for everyday meals and snacks.,GROC_0118
GROC_0097,Chef's Choice Free-Range Eggs,Dairy & Eggs,1 lb,10.81,keto_friendly;vegetarian,Shop Chef's Choice Free-Range Eggs (1 lb). Keywords: dairy  eggs eggs chef's choice free-range. Perfect for everyday meals and snacks.,GROC_0712;GROC_0884;GROC_0657
GROC_0098,Premium Select Organic Sour Cream,Dairy & Eggs,5kg,14.94,keto_friendly;organic;vegetarian,Shop Premium Select Organic Sour Cream (5kg). Keywords: dairy  eggs sour cream premium select organic. Perfect for everyday meals and snacks.,GROC_0420;GROC_0051;GROC_0258
GROC_0099,FarmFresh Mozzarella Cheese,Dairy & Eggs,250g,16.8,keto_friendly;vegetarian,Shop FarmFresh Mozzarella Cheese (250g). Keywords: dairy  eggs cheese farmfresh mozzarella. Perfect for everyday meals and snacks.,GROC_0137;GROC_0134;GROC_1059
GROC_0100,Essential Cultured Ghee,Dairy & Eggs,500g,9.96,keto_friendly;vegetarian,Shop Essential Cultured Ghee (500g). Keywords: dairy  eggs ghee essential cultured. Perfect for everyday meals and snacks.,GROC_1011
GROC_0101,Everyday Basics Cultured Whipped Cream,Dairy & Eggs,2kg,6.92,keto_friendly;vegetarian,Shop Everyday Basics Cultured Whipped Cream (2kg). Keywords: dairy  eggs whipped cream everyday basics cultured. Perfect for everyday meals and snacks.,GROC_0109;GROC_0617;GROC_0138
GROC_0102,Daily Delight Yogurt,Dairy & Eggs,250g,10.33,keto_friendly;vegetarian,Shop Daily Delight Yogurt (250g). Keywords: dairy  eggs yogurt daily delight . Perfect for everyday meals and snacks.,GROC_0587;GROC_0440;GROC_0369
GROC_0103,Premium Select Cultured Buttermilk,Dairy & Eggs,500ml,3.63,keto_friendly;vegetarian,Shop Premium Select Cultured Buttermilk (500ml). Keywords: dairy  eggs buttermilk premium select cultured. Perfect for everyday meals and snacks.,GROC_0672;GROC_0137
GROC_0104,GreenValley Cultured Cottage Cheese,Dairy & Eggs,1 lb,8.34,keto_friendly;vegetarian,Shop GreenValley Cultured Cottage Cheese (1 lb). Keywords: dairy  eggs cottage cheese greenvalley cultured. Perfect for everyday meals and snacks.,GROC_1044
GROC_0105,SunKissed Gouda Cheese,Dairy & Eggs,100g,8.1,keto_friendly;vegetarian,Shop SunKissed Gouda Cheese (100g). Keywords: dairy  eggs cheese sunkissed gouda. Perfect for everyday meals and snacks.,GROC_0116;GROC_0538
GROC_0106,Premium Select Cultured Whipped Cream,Dairy & Eggs,5kg,2.69,keto_friendly;vegetarian,Shop Premium Select Cultured Whipped Cream (5kg). Keywords: dairy  eggs whipped cream premium select cultured. Perfect for everyday meals and snacks.,GROC_0117;GROC_0835;GROC_0446
GROC_0107,Premium Select Large Eggs,Dairy & Eggs,5kg,6.76,keto_friendly;vegetarian,Shop Premium Select Large Eggs (5kg). Keywords: dairy  eggs eggs premium select large. Perfect for everyday meals and snacks.,GROC_0198
GROC_0108,Nature's Best Organic Buttermilk,Dairy & Eggs,1L,5.27,keto_friendly;organic;vegetarian,Shop Nature's Best Organic Buttermilk (1L). Keywords: dairy  eggs buttermilk nature's best organic. Perfect for everyday meals and snacks.,GROC_0347;GROC_0115
GROC_0109,Daily Delight Condensed Milk,Dairy & Eggs,2kg,5.97,keto_friendly;vegetarian,Shop Daily Delight Condensed Milk (2kg). Keywords: dairy  eggs condensed milk daily delight . Perfect for everyday meals and snacks.,GROC_0508;GROC_0120;GROC_0063
GROC_0110,Chef's Choice Cultured Cream,Dairy & Eggs,1 Gallon,1.74,keto_friendly;vegetarian,Shop Chef's Choice Cultured Cream (1 Gallon). Keywords: dairy  eggs cream chef's choice cultured. Perfect for everyday meals and snacks.,GROC_0984;GROC_0612;GROC_0366
GROC_0111,PureHarvest Cultured Paneer,Dairy & Eggs,250g,6.71,keto_friendly;vegetarian,Shop PureHarvest Cultured Paneer (250g). Keywords: dairy  eggs paneer pureharvest cultured. Perfect for everyday meals and snacks.,GROC_0802
GROC_0112,SunKissed Organic Buttermilk,Dairy & Eggs,2L,9.59,keto_friendly;organic;vegetarian,Shop SunKissed Organic Buttermilk (2L). Keywords: dairy  eggs buttermilk sunkissed organic. Perfect for everyday meals and snacks.,GROC_0149;GROC_0843
GROC_0113,PureHarvest Free-Range Eggs,Dairy & Eggs,100g,5.66,keto_friendly;vegetarian,Shop PureHarvest Free-Range Eggs (100g). Keywords: dairy  eggs eggs pureharvest free-range. Perfect for everyday meals and snacks.,GROC_0541;GROC_0380;GROC_1046
GROC_0114,GreenValley Organic Whipped Cream,Dairy & Eggs,2 lbs,15.51,keto_friendly;organic;vegetarian,Shop GreenValley Organic Whipped Cream (2 lbs). Keywords: dairy  eggs whipped cream greenvalley organic. Perfect for everyday meals and snacks.,GROC_0256;GROC_1099;GROC_0104
GROC_0115,Everyday Basics Gouda Cheese,Dairy & Eggs,250g,12.09,keto_friendly;vegetarian,Shop Everyday Basics Gouda Cheese (250g). Keywords: dairy  eggs cheese everyday basics gouda. Perfect for everyday meals and snacks.,GROC_0020
GROC_0116,FarmFresh Cultured Whipped Cream,Dairy & Eggs,500g,2.62,keto_friendly;vegetarian,Shop FarmFresh Cultured Whipped Cream (500g). Keywords: dairy  eggs whipped cream farmfresh cultured. Perfect for everyday meals and snacks.,GROC_0973
GROC_0117,Daily Delight Premium Cottage Cheese,Dairy & Eggs,250g,7.75,keto_friendly;vegetarian,Shop Daily Delight Premium Cottage Cheese (250g). Keywords: dairy  eggs cottage cheese daily delight premium. Perfect for everyday meals and snacks.,GROC_0806
GROC_0118,Gold Standard Premium Yogurt,Dairy & Eggs,1 lb,14.17,keto_friendly;vegetarian,Shop Gold Standard Premium Yogurt (1 lb). Keywords: dairy  eggs yogurt gold standard premium. Perfect for everyday meals and snacks.,GROC_0178;GROC_1015;GROC_0079
GROC_0119,Value Choice Premium Paneer,Dairy & Eggs,2 lbs,15.41,keto_friendly;vegetarian,Shop Value Choice Premium Paneer (2 lbs). Keywords: dairy  eggs paneer value choice premium. Perfect for everyday meals and snacks.,GROC_1083;GROC_0192;GROC_0468
GROC_0120,FarmFresh Premium Cottage Cheese,Dairy & Eggs,250g,5.15,keto_friendly;vegetarian,Shop FarmFresh Premium Cottage Cheese (250g). Keywords: dairy  eggs cottage cheese farmfresh premium. Perfect for everyday meals and snacks.,GROC_0062;GROC_0901
GROC_0121,Premium Select Organic Yogurt,Dairy & Eggs,250g,5.39,keto_friendly;organic;vegetarian,Shop Premium Select Organic Yogurt (250g). Keywords: dairy  eggs yogurt premium select organic. Perfect for everyday meals and snacks.,GROC_1033;GROC_0828
GROC_0122,GreenValley Organic Cottage Cheese,Dairy & Eggs,500g,9.2,keto_friendly;organic;vegetarian,Shop GreenValley Organic Cottage Cheese (500g). Keywords: dairy  eggs cottage cheese greenvalley organic. Perfect for everyday meals and snacks.,GROC_0672;GROC_0719;GROC_0757
GROC_0123,Everyday Basics Organic Ghee,Dairy & Eggs,500g,23.19,keto_friendly;organic;vegetarian,Shop Everyday Basics Organic Ghee (500g). Keywords: dairy  eggs ghee everyday basics organic. Perfect for everyday meals and snacks.,GROC_0889;GROC_0650;GROC_0936
GROC_0124,Everyday Basics Premium Butter,Dairy & Eggs,250g,11.06,keto_friendly;vegetarian,Shop Everyday Basics Premium Butter (250g). Keywords: dairy  eggs butter everyday basics premium. Perfect for everyday meals and snacks.,GROC_0102;GROC_0133;GROC_0559
GROC_0125,PureHarvest Paneer,Dairy & Eggs,2kg,8.1,keto_friendly;vegetarian,Shop PureHarvest Paneer (2kg). Keywords: dairy  eggs paneer pureharvest . Perfect for everyday meals and snacks.,GROC_0919
GROC_0126,Premium Select Premium Whipped Cream,Dairy & Eggs,500g,15.67,keto_friendly;vegetarian,Shop Premium Select Premium Whipped Cream (500g). Keywords: dairy  eggs whipped cream premium select premium. Perfect for everyday meals and snacks.,GROC_0123
GROC_0127,MorningDew Ghee,Dairy & Eggs,500g,9.16,keto_friendly;vegetarian,Shop MorningDew Ghee (500g). Keywords: dairy  eggs ghee morningdew . Perfect for everyday meals and snacks.,GROC_0419;GROC_0480
GROC_0128,GreenValley Paneer,Dairy & Eggs,1 lb,7.06,keto_friendly;vegetarian,Shop GreenValley Paneer (1 lb). Keywords: dairy  eggs paneer greenvalley . Perfect for everyday meals and snacks.,GROC_0140;GROC_0904
GROC_0129,FarmFresh Cultured Cream,Dairy & Eggs,1 Gallon,2.26,keto_friendly;vegetarian,Shop FarmFresh Cultured Cream (1 Gallon). Keywords: dairy  eggs cream farmfresh cultured. Perfect for everyday meals and snacks.,GROC_0896;GROC_1010
GROC_0130,GreenValley Organic Cream,Dairy & Eggs,1 Gallon,8.7,keto_friendly;organic;vegetarian,Shop GreenValley Organic Cream (1 Gallon). Keywords: dairy  eggs cream greenvalley organic. Perfect for everyday meals and snacks.,GROC_0618
GROC_0131,Chef's Choice Cultured Condensed Milk,Dairy & Eggs,5kg,6.57,keto_friendly;vegetarian,Shop Chef's Choice Cultured Condensed Milk (5kg). Keywords: dairy  eggs condensed milk chef's choice cultured. Perfect for everyday meals and snacks.,GROC_0591
GROC_0132,Everyday Basics Premium Condensed Milk,Dairy & Eggs,5kg,15.69,keto_friendly;vegetarian,Shop Everyday Basics Premium Condensed Milk (5kg). Keywords: dairy  eggs condensed milk everyday basics premium. Perfect for everyday meals and snacks.,GROC_1089;GROC_1021
GROC_0133,Value Choice Organic Butter,Dairy & Eggs,100g,13.99,keto_friendly;organic;vegetarian,Shop Value Choice Organic Butter (100g). Keywords: dairy  eggs butter value choice organic. Perfect for everyday meals and snacks.,GROC_0451
GROC_0134,Gold Standard Skim Milk,Dairy & Eggs,1.5L,6.84,keto_friendly;vegetarian,Shop Gold Standard Skim Milk (1.5L). Keywords: dairy  eggs milk gold standard skim. Perfect for everyday meals and snacks.,GROC_0874;GROC_0336
GROC_0135,MorningDew Premium Cream,Dairy & Eggs,1.5L,6.08,keto_friendly;vegetarian,Shop MorningDew Premium Cream (1.5L). Keywords: dairy  eggs cream morningdew premium. Perfect for everyday meals and snacks.,GROC_0372;GROC_0236;GROC_0700
GROC_0136,SunKissed Ghee,Dairy & Eggs,5kg,11.19,keto_friendly;vegetarian,Shop SunKissed Ghee (5kg). Keywords: dairy  eggs ghee sunkissed . Perfect for everyday meals and snacks.,GROC_0407;GROC_0873;GROC_0763
GROC_0137,Nature's Best Cultured Yogurt,Dairy & Eggs,2kg,6.85,keto_friendly;vegetarian,Shop Nature's Best Cultured Yogurt (2kg). Keywords: dairy  eggs yogurt nature's best cultured. Perfect for everyday meals and snacks.,GROC_0989
GROC_0138,Premium Select Cultured Sour Cream,Dairy & Eggs,100g,8.92,keto_friendly;vegetarian,Shop Premium Select Cultured Sour Cream (100g). Keywords: dairy  eggs sour cream premium select cultured. Perfect for everyday meals and snacks.,GROC_0436;GROC_1004;GROC_0470
GROC_0139,Nature's Best Skim Milk,Dairy & Eggs,1.5L,5.84,keto_friendly;vegetarian,Shop Nature's Best Skim Milk (1.5L). Keywords: dairy  eggs milk nature's best skim. Perfect for everyday meals and snacks.,GROC_0991;GROC_0084
GROC_0140,Value Choice Cultured Yogurt,Dairy & Eggs,1 lb,7.63,keto_friendly;vegetarian,Shop Value Choice Cultured Yogurt (1 lb). Keywords: dairy  eggs yogurt value choice cultured. Perfect for everyday meals and snacks.,GROC_0132;GROC_0444
GROC_0141,PureHarvest Premium Cream,Dairy & Eggs,2L,7.3,keto_friendly;vegetarian,Shop PureHarvest Premium Cream (2L). Keywords: dairy  eggs cream pureharvest premium. Perfect for everyday meals and snacks.,GROC_0769
GROC_0142,Value Choice Premium Cottage Cheese,Dairy & Eggs,5kg,5.26,keto_friendly;vegetarian,Shop Value Choice Premium Cottage Cheese (5kg). Keywords: dairy  eggs cottage cheese value choice premium. Perfect for everyday meals and snacks.,GROC_0239;GROC_0757
GROC_0143,Premium Select Condensed Milk,Dairy & Eggs,1 lb,13.87,keto_friendly;vegetarian,Shop Premium Select Condensed Milk (1 lb). Keywords: dairy  eggs condensed milk premium select . Perfect for everyday meals and snacks.,GROC_0986;GROC_0181;GROC_0706
GROC_0144,SunKissed Organic Sour Cream,Dairy & Eggs,1kg,5.02,keto_friendly;organic;vegetarian,Shop SunKissed Organic Sour Cream (1kg). Keywords: dairy  eggs sour cream sunkissed organic. Perfect for everyday meals and snacks.,GROC_0507;GROC_0323
GROC_0145,Value Choice Cottage Cheese,Dairy & Eggs,5kg,10.98,keto_friendly;vegetarian,Shop Value Choice Cottage Cheese (5kg). Keywords: dairy  eggs cottage cheese value choice . Perfect for everyday meals and snacks.,GROC_0534;GROC_0396;GROC_0741
GROC_0146,Premium Select Organic Eggs,Dairy & Eggs,1 lb,6.46,keto_friendly;organic;vegetarian,Shop Premium Select Organic Eggs (1 lb). Keywords: dairy  eggs eggs premium select organic. Perfect for everyday meals and snacks.,GROC_1080
GROC_0147,Chef's Choice Premium Condensed Milk,Dairy & Eggs,1kg,2.15,keto_friendly;vegetarian,Shop Chef's Choice Premium Condensed Milk (1kg). Keywords: dairy  eggs condensed milk chef's choice premium. Perfect for everyday meals and snacks.,GROC_0930
GROC_0148,Chef's Choice Skim Milk,Dairy & Eggs,1.5L,8.64,keto_friendly;vegetarian,Shop Chef's Choice Skim Milk (1.5L). Keywords: dairy  eggs milk chef's choice skim. Perfect for everyday meals and snacks.,GROC_0859;GROC_0542
GROC_0149,Gold Standard Sour Cream,Dairy & Eggs,500g,7.88,keto_friendly;vegetarian,Shop Gold Standard Sour Cream (500g). Keywords: dairy  eggs sour cream gold standard . Perfect for everyday meals and snacks.,GROC_0624;GROC_0332;GROC_0978
GROC_0150,Gold Standard Premium Cottage Cheese,Dairy & Eggs,100g,4.48,keto_friendly;vegetarian,Shop Gold Standard Premium Cottage Cheese (100g). Keywords: dairy  eggs cottage cheese gold standard premium. Perfect for everyday meals and snacks.,GROC_0497
GROC_0151,Value Choice Whole Milk,Dairy & Eggs,1 Gallon,10.86,keto_friendly;vegetarian,Shop Value Choice Whole Milk (1 Gallon). Keywords: dairy  eggs milk value choice whole. Perfect for everyday meals and snacks.,GROC_0775;GROC_0898
GROC_0152,Gold Standard Paneer,Dairy & Eggs,500g,2.81,keto_friendly;vegetarian,Shop Gold Standard Paneer (500g). Keywords: dairy  eggs paneer gold standard . Perfect for everyday meals and snacks.,GROC_1095;GROC_1015
GROC_0153,Everyday Basics Sour Cream,Dairy & Eggs,5kg,12.92,keto_friendly;vegetarian,Shop Everyday Basics Sour Cream (5kg). Keywords: dairy  eggs sour cream everyday basics . Perfect for everyday meals and snacks.,GROC_0021;GROC_0477;GROC_0777
GROC_0154,Chef's Choice Organic Butter,Dairy & Eggs,2 lbs,14.42,keto_friendly;organic;vegetarian,Shop Chef's Choice Organic Butter (2 lbs). Keywords: dairy  eggs butter chef's choice organic. Perfect for everyday meals and snacks.,GROC_0012;GROC_0281;GROC_0778
GROC_0155,Gold Standard Premium Paneer,Dairy & Eggs,100g,15.84,keto_friendly;vegetarian,Shop Gold Standard Premium Paneer (100g). Keywords: dairy  eggs paneer gold standard premium. Perfect for everyday meals and snacks.,GROC_0878
GROC_0156,Value Choice Paneer,Dairy & Eggs,250g,12.36,keto_friendly;vegetarian,Shop Value Choice Paneer (250g). Keywords: dairy  eggs paneer value choice . Perfect for everyday meals and snacks.,GROC_0210;GROC_0021;GROC_0770
GROC_0157,Nature's Best Organic Whipped Cream,Dairy & Eggs,1kg,4.31,keto_friendly;organic;vegetarian,Shop Nature's Best Organic Whipped Cream (1kg). Keywords: dairy  eggs whipped cream nature's best organic. Perfect for everyday meals and snacks.,GROC_0724;GROC_0241;GROC_0347
GROC_0158,Daily Delight Cultured Butter,Dairy & Eggs,250g,6.4,keto_friendly;vegetarian,Shop Daily Delight Cultured Butter (250g). Keywords: dairy  eggs butter daily delight cultured. Perfect for everyday meals and snacks.,GROC_0463;GROC_0345;GROC_0470
GROC_0159,Essential Free-Range Eggs,Dairy & Eggs,1kg,1.71,keto_friendly;vegetarian,Shop Essential Free-Range Eggs (1kg). Keywords: dairy  eggs eggs essential free-range. Perfect for everyday meals and snacks.,GROC_0144;GROC_0468;GROC_0154
GROC_0160,Gold Standard Cultured Butter,Dairy & Eggs,5kg,12.3,keto_friendly;vegetarian,Shop Gold Standard Cultured Butter (5kg). Keywords: dairy  eggs butter gold standard cultured. Perfect for everyday meals and snacks.,GROC_0218
GROC_0161,Chef's Choice Cultured Buttermilk,Dairy & Eggs,1 Gallon,1.96,keto_friendly;vegetarian,Shop Chef's Choice Cultured Buttermilk (1 Gallon). Keywords: dairy  eggs buttermilk chef's choice cultured. Perfect for everyday meals and snacks.,GROC_0095
GROC_0162,Harvest 2% Milk,Dairy & Eggs,1 Gallon,8.23,keto_friendly;vegetarian,Shop Harvest 2% Milk (1 Gallon). Keywords: dairy  eggs milk harvest 2%. Perfect for everyday meals and snacks.,GROC_0806
GROC_0163,Nature's Best Lactose-Free Milk,Dairy & Eggs,1L,8.04,keto_friendly;vegetarian;lactose_free,Shop Nature's Best Lactose-Free Milk (1L). Keywords: dairy  eggs milk nature's best lactose-free. Perfect for everyday meals and snacks.,GROC_0549;GROC_0711
GROC_0164,MorningDew 2% Milk,Dairy & Eggs,2L,7.9,keto_friendly;vegetarian,Shop MorningDew 2% Milk (2L). Keywords: dairy  eggs milk morningdew 2%. Perfect for everyday meals and snacks.,GROC_0946;GROC_0984
GROC_0165,GreenValley Premium Buttermilk,Dairy & Eggs,1 Gallon,4.44,keto_friendly;vegetarian,Shop GreenValley Premium Buttermilk (1 Gallon). Keywords: dairy  eggs buttermilk greenvalley premium. Perfect for everyday meals and snacks.,GROC_0034;GROC_0734
GROC_0166,PureHarvest Ghee,Dairy & Eggs,100g,10.63,keto_friendly;vegetarian,Shop PureHarvest Ghee (100g). Keywords: dairy  eggs ghee pureharvest . Perfect for everyday meals and snacks.,GROC_0480;GROC_0802;GROC_0505
GROC_0167,OrganicLife Paneer,Dairy & Eggs,1 lb,15.8,keto_friendly;organic;vegetarian,Shop OrganicLife Paneer (1 lb). Keywords: dairy  eggs paneer organiclife . Perfect for everyday meals and snacks.,GROC_0676;GROC_1063;GROC_0744
GROC_0168,PureHarvest Cultured Cream,Dairy & Eggs,2L,4.45,keto_friendly;vegetarian,Shop PureHarvest Cultured Cream (2L). Keywords: dairy  eggs cream pureharvest cultured. Perfect for everyday meals and snacks.,GROC_0203
GROC_0169,Essential Cultured Paneer,Dairy & Eggs,250g,2.05,keto_friendly;vegetarian,Shop Essential Cultured Paneer (250g). Keywords: dairy  eggs paneer essential cultured. Perfect for everyday meals and snacks.,GROC_0246
GROC_0170,OrganicLife Medium Eggs,Dairy & Eggs,500g,15.92,keto_friendly;organic;vegetarian,Shop OrganicLife Medium Eggs (500g). Keywords: dairy  eggs eggs organiclife medium. Perfect for everyday meals and snacks.,GROC_0801;GROC_0586;GROC_0118
GROC_0171,GreenValley Organic Milk,Dairy & Eggs,250ml,8.33,keto_friendly;organic;vegetarian,Shop GreenValley Organic Milk (250ml). Keywords: dairy  eggs milk greenvalley organic. Perfect for everyday meals and snacks.,GROC_0376;GROC_0613
GROC_0172,Chef's Choice Cultured Yogurt,Dairy & Eggs,1 lb,8.49,keto_friendly;vegetarian,Shop Chef's Choice Cultured Yogurt (1 lb). Keywords: dairy  eggs yogurt chef's choice cultured. Perfect for everyday meals and snacks.,GROC_0317;GROC_0001
GROC_0173,FarmFresh Premium Sour Cream,Dairy & Eggs,2kg,10.61,keto_friendly;vegetarian,Shop FarmFresh Premium Sour Cream (2kg). Keywords: dairy  eggs sour cream farmfresh premium. Perfect for everyday meals and snacks.,GROC_0504;GROC_0268
GROC_0174,Gold Standard Free-Range Eggs,Dairy & Eggs,100g,1.34,keto_friendly;vegetarian,Shop Gold Standard Free-Range Eggs (100g). Keywords: dairy  eggs eggs gold standard free-range. Perfect for everyday meals and snacks.,GROC_0051;GROC_1042
GROC_0175,Chef's Choice Medium Eggs,Dairy & Eggs,250g,2.11,keto_friendly;vegetarian,Shop Chef's Choice Medium Eggs (250g). Keywords: dairy  eggs eggs chef's choice medium. Perfect for everyday meals and snacks.,GROC_0706
GROC_0176,Gold Standard Organic Butter,Dairy & Eggs,500g,9.76,keto_friendly;organic;vegetarian,Shop Gold Standard Organic Butter (500g). Keywords: dairy  eggs butter gold standard organic. Perfect for everyday meals and snacks.,GROC_0821;GROC_0360
GROC_0177,Value Choice Cultured Condensed Milk,Dairy & Eggs,5kg,11.01,keto_friendly;vegetarian,Shop Value Choice Cultured Condensed Milk (5kg). Keywords: dairy  eggs condensed milk value choice cultured. Perfect for everyday meals and snacks.,GROC_0220;GROC_0882
GROC_0178,Premium Select Organic Cottage Cheese,Dairy & Eggs,100g,7.83,keto_friendly;organic;vegetarian,Shop Premium Select Organic Cottage Cheese (100g). Keywords: dairy  eggs cottage cheese premium select organic. Perfect for everyday meals and snacks.,GROC_0453;GROC_0444;GROC_0006
GROC_0179,Chef's Choice Ghee,Dairy & Eggs,1kg,8.3,keto_friendly;vegetarian,Shop Chef's Choice Ghee (1kg). Keywords: dairy  eggs ghee chef's choice . Perfect for everyday meals and snacks.,GROC_0428;GROC_0505;GROC_0468
GROC_0180,Essential Premium Sour Cream,Dairy & Eggs,2 lbs,17.08,keto_friendly;vegetarian,Shop Essential Premium Sour Cream (2 lbs). Keywords: dairy  eggs sour cream essential premium. Perfect for everyday meals and snacks.,GROC_0549
GROC_0181,Value Choice Premium Buttermilk,Dairy & Eggs,500ml,13.58,keto_friendly;vegetarian,Shop Value Choice Premium Buttermilk (500ml). Keywords: dairy  eggs buttermilk value choice premium. Perfect for everyday meals and snacks.,GROC_0700;GROC_0598
GROC_0182,Chef's Choice Premium Cottage Cheese,Dairy & Eggs,100g,6.97,keto_friendly;vegetarian,Shop Chef's Choice Premium Cottage Cheese (100g). Keywords: dairy  eggs cottage cheese chef's choice premium. Perfect for everyday meals and snacks.,GROC_0717
GROC_0183,Chef's Choice Cultured Sour Cream,Dairy & Eggs,2 lbs,12.18,keto_friendly;vegetarian,Shop Chef's Choice Cultured Sour Cream (2 lbs). Keywords: dairy  eggs sour cream chef's choice cultured. Perfect for everyday meals and snacks.,GROC_1022;GROC_0010
GROC_0184,Essential Yogurt,Dairy & Eggs,2 lbs,4.81,keto_friendly;vegetarian,Shop Essential Yogurt (2 lbs). Keywords: dairy  eggs yogurt essential . Perfect for everyday meals and snacks.,GROC_0810;GROC_0526;GROC_0788
GROC_0185,SunKissed Cultured Cottage Cheese,Dairy & Eggs,2 lbs,12.85,keto_friendly;vegetarian,Shop SunKissed Cultured Cottage Cheese (2 lbs). Keywords: dairy  eggs cottage cheese sunkissed cultured. Perfect for everyday meals and snacks.,GROC_0603;GROC_0013
GROC_0186,Essential Cultured Sour Cream,Dairy & Eggs,1kg,12.57,keto_friendly;vegetarian,Shop Essential Cultured Sour Cream (1kg). Keywords: dairy  eggs sour cream essential cultured. Perfect for everyday meals and snacks.,GROC_0461;GROC_0992;GROC_0859
GROC_0187,Chef's Choice Cheddar Cheese,Dairy & Eggs,1 lb,15.48,keto_friendly;vegetarian,Shop Chef's Choice Cheddar Cheese (1 lb). Keywords: dairy  eggs cheese chef's choice cheddar. Perfect for everyday meals and snacks.,GROC_0733
GROC_0188,Nature's Best Cottage Cheese,Dairy & Eggs,100g,9.66,keto_friendly;vegetarian,Shop Nature's Best Cottage Cheese (100g). Keywords: dairy  eggs cottage cheese nature's best . Perfect for everyday meals and snacks.,GROC_0116;GROC_0356
GROC_0189,Essential Paneer,Dairy & Eggs,1kg,6.62,keto_friendly;vegetarian,Shop Essential Paneer (1kg). Keywords: dairy  eggs paneer essential . Perfect for everyday meals and snacks.,GROC_0979
GROC_0190,OrganicLife Free-Range Eggs,Dairy & Eggs,2 lbs,15.7,keto_friendly;organic;vegetarian,Shop OrganicLife Free-Range Eggs (2 lbs). Keywords: dairy  eggs eggs organiclife free-range. Perfect for everyday meals and snacks.,GROC_0551
GROC_0191,Essential Premium Whipped Cream,Dairy & Eggs,2 lbs,11.92,keto_friendly;vegetarian,Shop Essential Premium Whipped Cream (2 lbs). Keywords: dairy  eggs whipped cream essential premium. Perfect for everyday meals and snacks.,GROC_0041
GROC_0192,GreenValley Organic Yogurt,Dairy & Eggs,5kg,13.93,keto_friendly;organic;vegetarian,Shop GreenValley Organic Yogurt (5kg). Keywords: dairy  eggs yogurt greenvalley organic. Perfect for everyday meals and snacks.,GROC_0940;GROC_0739;GROC_0516
GROC_0193,Nature's Best Cultured Paneer,Dairy & Eggs,500g,2.99,keto_friendly;vegetarian,Shop Nature's Best Cultured Paneer (500g). Keywords: dairy  eggs paneer nature's best cultured. Perfect for everyday meals and snacks.,GROC_0521;GROC_0730
GROC_0194,Harvest Free-Range Eggs,Dairy & Eggs,250g,4.88,keto_friendly;vegetarian,Shop Harvest Free-Range Eggs (250g). Keywords: dairy  eggs eggs harvest free-range. Perfect for everyday meals and snacks.,
GROC_0195,Value Choice 2% Milk,Dairy & Eggs,1.5L,6.16,keto_friendly;vegetarian,Shop Value Choice 2% Milk (1.5L). Keywords: dairy  eggs milk value choice 2%. Perfect for everyday meals and snacks.,GROC_0535;GROC_0062;GROC_0288
GROC_0196,Chef's Choice Organic Yogurt,Dairy & Eggs,2 lbs,4.24,keto_friendly;organic;vegetarian,Shop Chef's Choice Organic Yogurt (2 lbs). Keywords: dairy  eggs yogurt chef's choice organic. Perfect for everyday meals and snacks.,GROC_0775
GROC_0197,Everyday Basics Organic Butter,Dairy & Eggs,2 lbs,9.75,keto_friendly;organic;vegetarian,Shop Everyday Basics Organic Butter (2 lbs). Keywords: dairy  eggs butter everyday basics organic. Perfect for everyday meals and snacks.,GROC_0348
GROC_0198,Daily Delight Cultured Ghee,Dairy & Eggs,2kg,12.64,keto_friendly;vegetarian,Shop Daily Delight Cultured Ghee (2kg). Keywords: dairy  eggs ghee daily delight cultured. Perfect for everyday meals and snacks.,GROC_0210;GROC_0711;GROC_0877
GROC_0199,Value Choice Cultured Cottage Cheese,Dairy & Eggs,250g,11.8,keto_friendly;vegetarian,Shop Value Choice Cultured Cottage Cheese (250g). Keywords: dairy  eggs cottage cheese value choice cultured. Perfect for everyday meals and snacks.,GROC_0671
GROC_0200,Chef's Choice Whipped Cream,Dairy & Eggs,1kg,6.29,keto_friendly;vegetarian,Shop Chef's Choice Whipped Cream (1kg). Keywords: dairy  eggs whipped cream chef's choice . Perfect for everyday meals and snacks.,GROC_0398
GROC_0201,Everyday Basics Cultured Cream,Dairy & Eggs,1.5L,9.27,keto_friendly;vegetarian,Shop Everyday Basics Cultured Cream (1.5L). Keywords: dairy  eggs cream everyday basics cultured. Perfect for everyday meals and snacks.,GROC_0502;GROC_0022;GROC_1094
GROC_0202,Essential Organic Cottage Cheese,Dairy & Eggs,5kg,18.18,keto_friendly;organic;vegetarian,Shop Essential Organic Cottage Cheese (5kg). Keywords: dairy  eggs cottage cheese essential organic. Perfect for everyday meals and snacks.,GROC_0565
GROC_0203,Nature's Best Cultured Cottage Cheese,Dairy & Eggs,2kg,7.85,keto_friendly;vegetarian,Shop Nature's Best Cultured Cottage Cheese (2kg). Keywords: dairy  eggs cottage cheese nature's best cultured. Perfect for everyday meals and snacks.,GROC_0742;GROC_0908
GROC_0204,Value Choice Ghee,Dairy & Eggs,5kg,16.73,keto_friendly;vegetarian,Shop Value Choice Ghee (5kg). Keywords: dairy  eggs ghee value choice . Perfect for everyday meals and snacks.,GROC_0854
GROC_0205,PureHarvest Whipped Cream,Dairy & Eggs,5kg,7.78,keto_friendly;vegetarian,Shop PureHarvest Whipped Cream (5kg). Keywords: dairy  eggs whipped cream pureharvest . Perfect for everyday meals and snacks.,GROC_0630;GROC_0282
GROC_0206,MorningDew Cultured Whipped Cream,Dairy & Eggs,250g,10.98,keto_friendly;vegetarian,Shop MorningDew Cultured Whipped Cream (250g). Keywords: dairy  eggs whipped cream morningdew cultured. Perfect for everyday meals and snacks.,GROC_0515;GROC_0505;GROC_0036
GROC_0207,MorningDew Large Eggs,Dairy & Eggs,2kg,3.62,keto_friendly;vegetarian,Shop MorningDew Large Eggs (2kg). Keywords: dairy  eggs eggs morningdew large. Perfect for everyday meals and snacks.,GROC_0161
GROC_0208,Everyday Basics Organic Yogurt,Dairy & Eggs,5kg,11.94,keto_friendly;organic;vegetarian,Shop Everyday Basics Organic Yogurt (5kg). Keywords: dairy  eggs yogurt everyday basics organic. Perfect for everyday meals and snacks.,GROC_0724;GROC_0946
GROC_0209,GreenValley Premium Whipped Cream,Dairy & Eggs,250g,14.63,keto_friendly;vegetarian,Shop GreenValley Premium Whipped Cream (250g). Keywords: dairy  eggs whipped cream greenvalley premium. Perfect for everyday meals and snacks.,GROC_0069;GROC_0377
GROC_0210,Harvest Organic Buttermilk,Dairy & Eggs,1.5L,5.7,keto_friendly;organic;vegetarian,Shop Harvest Organic Buttermilk (1.5L). Keywords: dairy  eggs buttermilk harvest organic. Perfect for everyday meals and snacks.,GROC_0857;GROC_0820
GROC_0211,MorningDew Premium Cottage Cheese,Dairy & Eggs,5kg,14.9,keto_friendly;vegetarian,Shop MorningDew Premium Cottage Cheese (5kg). Keywords: dairy  eggs cottage cheese morningdew premium. Perfect for everyday meals and snacks.,GROC_0155
GROC_0212,SunKissed Premium Whipped Cream,Dairy & Eggs,2 lbs,2.9,keto_friendly;vegetarian,Shop SunKissed Premium Whipped Cream (2 lbs). Keywords: dairy  eggs whipped cream sunkissed premium. Perfect for everyday meals and snacks.,GROC_0902;GROC_0355
GROC_0213,OrganicLife Cultured Cottage Cheese,Dairy & Eggs,5kg,15.2,keto_friendly;organic;vegetarian,Shop OrganicLife Cultured Cottage Cheese (5kg). Keywords: dairy  eggs cottage cheese organiclife cultured. Perfect for everyday meals and snacks.,GROC_0357
GROC_0214,Nature's Best Organic Cream,Dairy & Eggs,2L,9.31,keto_friendly;organic;vegetarian,Shop Nature's Best Organic Cream (2L). Keywords: dairy  eggs cream nature's best organic. Perfect for everyday meals and snacks.,GROC_0868;GROC_0561;GROC_0351
GROC_0215,PureHarvest Organic Whipped Cream,Dairy & Eggs,500g,2.15,keto_friendly;organic;vegetarian,Shop PureHarvest Organic Whipped Cream (500g). Keywords: dairy  eggs whipped cream pureharvest organic. Perfect for everyday meals and snacks.,GROC_0012;GROC_0074;GROC_0315
GROC_0216,Premium Select Cultured Butter,Dairy & Eggs,1kg,9.01,keto_friendly;vegetarian,Shop Premium Select Cultured Butter (1kg). Keywords: dairy  eggs butter premium select cultured. Perfect for everyday meals and snacks.,GROC_0859
GROC_0217,SunKissed Organic Whipped Cream,Dairy & Eggs,2 lbs,16.26,keto_friendly;organic;vegetarian,Shop SunKissed Organic Whipped Cream (2 lbs). Keywords: dairy  eggs whipped cream sunkissed organic. Perfect for everyday meals and snacks.,GROC_0753
GROC_0218,Nature's Best Cultured Whipped Cream,Dairy & Eggs,100g,12.26,keto_friendly;vegetarian,Shop Nature's Best Cultured Whipped Cream (100g). Keywords: dairy  eggs whipped cream nature's best cultured. Perfect for everyday meals and snacks.,GROC_0484;GROC_0951;GROC_0098
GROC_0219,FarmFresh Organic Eggs,Dairy & Eggs,1 lb,8.83,keto_friendly;organic;vegetarian,Shop FarmFresh Organic Eggs (1 lb). Keywords: dairy  eggs eggs farmfresh organic. Perfect for everyday meals and snacks.,GROC_0568;GROC_0816;GROC_0807
GROC_0220,OrganicLife Whipped Cream,Dairy & Eggs,1 lb,8.07,keto_friendly;organic;vegetarian,Shop OrganicLife Whipped Cream (1 lb). Keywords: dairy  eggs whipped cream organiclife . Perfect for everyday meals and snacks.,GROC_0724;GROC_0246
GROC_0221,Nature's Best Papaya,Produce,1 lb,8.94,vegetarian;vegan;healthy;gluten_free,Shop Nature's Best Papaya (1 lb). Keywords: produce papaya nature's best . Perfect for everyday meals and snacks.,GROC_0376;GROC_0733;GROC_0316
GROC_0222,GreenValley Lemon,Produce,1 piece,1.6,vegetarian;vegan;healthy;gluten_free,Shop GreenValley Lemon (1 piece). Keywords: produce lemon greenvalley . Perfect for everyday meals and snacks.,GROC_0494;GROC_0735
GROC_0223,Premium Select Farm Carrots,Produce,500g,4.83,vegetarian;vegan;healthy;gluten_free,Shop Premium Select Farm Carrots (500g). Keywords: produce carrots premium select farm. Perfect for everyday meals and snacks.,GROC_0456;GROC_0636;GROC_0328
GROC_0224,Premium Select Organic Garlic,Produce,1 piece,15.05,vegetarian;vegan;gluten_free;organic;healthy,Shop Premium Select Organic Garlic (1 piece). Keywords: produce garlic premium select organic. Perfect for everyday meals and snacks.,GROC_0318;GROC_0199;GROC_0826
GROC_0225,OrganicLife Farm Tomatoes,Produce,500g,1.43,vegetarian;vegan;gluten_free;organic;healthy,Shop OrganicLife Farm Tomatoes (500g). Keywords: produce tomatoes organiclife farm. Perfect for everyday meals and snacks.,GROC_0077
GROC_0226,Daily Delight Fresh Grapes,Produce,1 piece,10.57,vegetarian;vegan;healthy;gluten_free,Shop Daily Delight Fresh Grapes (1 piece). Keywords: produce grapes daily delight fresh. Perfect for everyday meals and snacks.,GROC_0365;GROC_1079;GROC_0053
GROC_0227,GreenValley Organic Mangoes,Produce,1 bunch,1.64,vegetarian;vegan;gluten_free;organic;healthy,Shop GreenValley Organic Mangoes (1 bunch). Keywords: produce mangoes greenvalley organic. Perfect for everyday meals and snacks.,GROC_0334;GROC_0850;GROC_1085
GROC_0228,Everyday Basics Tomatoes,Produce,1kg,3.08,vegetarian;vegan;healthy;gluten_free,Shop Everyday Basics Tomatoes (1kg). Keywords: produce tomatoes everyday basics . Perfect for everyday meals and snacks.,GROC_0629;GROC_0609;GROC_0262
GROC_0229,Daily Delight Local Apples,Produce,2 lbs,7.3,vegetarian;vegan;healthy;gluten_free,Shop Daily Delight Local Apples (2 lbs). Keywords: produce apples daily delight local. Perfect for everyday meals and snacks.,GROC_0838
GROC_0230,Gold Standard Fresh Oranges,Produce,1 lb,7.15,vegetarian;vegan;healthy;gluten_free,Shop Gold Standard Fresh Oranges (1 lb). Keywords: produce oranges gold standard fresh. Perfect for everyday meals and snacks.,GROC_0537;GROC_0555
GROC_0231,Gold Standard Organic Mangoes,Produce,1 piece,17.27,vegetarian;vegan;gluten_free;organic;healthy,Shop Gold Standard Organic Mangoes (1 piece). Keywords: produce mangoes gold standard organic. Perfect for everyday meals and snacks.,GROC_0077;GROC_0827;GROC_1035
GROC_0232,SunKissed Farm Apples,Produce,2 lbs,4.61,vegetarian;vegan;healthy;gluten_free,Shop SunKissed Farm Apples (2 lbs). Keywords: produce apples sunkissed farm. Perfect for everyday meals and snacks.,GROC_0746;GROC_0991;GROC_0363
GROC_0233,FarmFresh Local Lemon,Produce,1 bunch,11.16,vegetarian;vegan;healthy;gluten_free,Shop FarmFresh Local Lemon (1 bunch). Keywords: produce lemon farmfresh local. Perfect for everyday meals and snacks.,GROC_0852;GROC_0443;GROC_0141
GROC_0234,GreenValley Local Cauliflower,Produce,1 bunch,9.54,vegetarian;vegan;healthy;gluten_free,Shop GreenValley Local Cauliflower (1 bunch). Keywords: produce cauliflower greenvalley local. Perfect for everyday meals and snacks.,GROC_0768
GROC_0235,Nature's Best Fresh Broccoli,Produce,1 bunch,8.29,vegetarian;vegan;healthy;gluten_free,Shop Nature's Best Fresh Broccoli (1 bunch). Keywords: produce broccoli nature's best fresh. Perfect for everyday meals and snacks.,GROC_0902;GROC_0556
GROC_0236,Daily Delight Farm Oranges,Produce,1kg,8.59,vegetarian;vegan;healthy;gluten_free,Shop Daily Delight Farm Oranges (1kg). Keywords: produce oranges daily delight farm. Perfect for everyday meals and snacks.,GROC_0742
GROC_0237,SunKissed Local Garlic,Produce,1kg,12.93,vegetarian;vegan;healthy;gluten_free,Shop SunKissed Local Garlic (1kg). Keywords: produce garlic sunkissed local. Perfect for everyday meals and snacks.,GROC_1036
GROC_0238,Value Choice Farm Cucumber,Produce,1 lb,8.26,vegetarian;vegan;healthy;gluten_free,Shop Value Choice Farm Cucumber (1 lb). Keywords: produce cucumber value choice farm. Perfect for everyday meals and snacks.,GROC_0779;GROC_0153
GROC_0239,MorningDew Mangoes,Produce,2 lbs,11.22,vegetarian;vegan;healthy;gluten_free,Shop MorningDew Mangoes (2 lbs). Keywords: produce mangoes morningdew . Perfect for everyday meals and snacks.,GROC_0172
GROC_0240,Harvest Premium Lemon,Produce,1 piece,15.93,vegetarian;vegan;healthy;gluten_free,Shop Harvest Premium Lemon (1 piece). Keywords: produce lemon harvest premium. Perfect for everyday meals and snacks.,GROC_0976;GROC_0706;GROC_1057
GROC_0241,Gold Standard Local Cauliflower,Produce,500g,5.06,vegetarian;vegan;healthy;gluten_free,Shop Gold Standard Local Cauliflower (500g). Keywords: produce cauliflower gold standard local. Perfect for everyday meals and snacks.,GROC_0273;GROC_0816;GROC_0348
GROC_0242,PureHarvest Premium Broccoli,Produce,1 lb,2.98,vegetarian;vegan;healthy;gluten_free,Shop PureHarvest Premium Broccoli (1 lb). Keywords: produce broccoli pureharvest premium. Perfect for everyday meals and snacks.,GROC_0668;GROC_0874
GROC_0243,OrganicLife Fresh Cauliflower,Produce,2 lbs,7.67,vegetarian;vegan;gluten_free;organic;healthy,Shop OrganicLife Fresh Cauliflower (2 lbs). Keywords: produce cauliflower organiclife fresh. Perfect for everyday meals and snacks.,GROC_0504
GROC_0244,GreenValley Grapes,Produce,1 lb,2.08,vegetarian;vegan;healthy;gluten_free,Shop GreenValley Grapes (1 lb). Keywords: produce grapes greenvalley . Perfect for everyday meals and snacks.,GROC_0104;GROC_0585
GROC_0245,Nature's Best Oranges,Produce,1 lb,9.93,vegetarian;vegan;healthy;gluten_free,Shop Nature's Best Oranges (1 lb). Keywords: produce oranges nature's best . Perfect for everyday meals and snacks.,GROC_0072;GROC_0738;GROC_0576
GROC_0246,MorningDew Farm Spinach,Produce,500g,1.71,vegetarian;vegan;healthy;gluten_free,Shop MorningDew Farm Spinach (500g). Keywords: produce spinach morningdew farm. Perfect for everyday meals and snacks.,GROC_0848
GROC_0247,Chef's Choice Premium Garlic,Produce,1kg,3.44,vegetarian;vegan;healthy;gluten_free,Shop Chef's Choice Premium Garlic (1kg). Keywords: produce garlic chef's choice premium. Perfect for everyday meals and snacks.,GROC_0916
GROC_0248,Essential Local Spinach,Produce,2 lbs,11.41,vegetarian;vegan;healthy;gluten_free,Shop Essential Local Spinach (2 lbs). Keywords: produce spinach essential local. Perfect for everyday meals and snacks.,GROC_0810;GROC_1079
GROC_0249,Value Choice Fresh Apples,Produce,1 piece,5.21,vegetarian;vegan;healthy;gluten_free,Shop Value Choice Fresh Apples (1 piece). Keywords: produce apples value choice fresh. Perfect for everyday meals and snacks.,GROC_0527;GROC_0860;GROC_0194
GROC_0250,Chef's Choice Organic Ginger,Produce,500g,12.42,vegetarian;vegan;gluten_free;organic;healthy,Shop Chef's Choice Organic Ginger (500g). Keywords: produce ginger chef's choice organic. Perfect for everyday meals and snacks.,GROC_0154;GROC_0602
GROC_0251,Essential Fresh Tomatoes,Produce,1 bunch,11.13,vegetarian;vegan;healthy;gluten_free,Shop Essential Fresh Tomatoes (1 bunch). Keywords: produce tomatoes essential fresh. Perfect for everyday meals and snacks.,GROC_1059;GROC_0733;GROC_0825
GROC_0252,Nature's Best Farm Spinach,Produce,1kg,3.7,vegetarian;vegan;healthy;gluten_free,Shop Nature's Best Farm Spinach (1kg). Keywords: produce spinach nature's best farm. Perfect for everyday meals and snacks.,GROC_0493;GROC_0074;GROC_0130
GROC_0253,Essential Farm Cauliflower,Produce,1 piece,8.35,vegetarian;vegan;healthy;gluten_free,Shop Essential Farm Cauliflower (1 piece). Keywords: produce cauliflower essential farm. Perfect for everyday meals and snacks.,GROC_0754;GROC_0924
GROC_0254,Chef's Choice Farm Lemon,Produce,1 bunch,12.14,vegetarian;vegan;healthy;gluten_free,Shop Chef's Choice Farm Lemon (1 bunch). Keywords: produce lemon chef's choice farm. Perfect for everyday meals and snacks.,GROC_0107
GROC_0255,FarmFresh Fresh Onions,Produce,500g,9.42,vegetarian;vegan;healthy;gluten_free,Shop FarmFresh Fresh Onions (500g). Keywords: produce onions farmfresh fresh. Perfect for everyday meals and snacks.,GROC_0447
GROC_0256,Harvest Fresh Potatoes,Produce,1kg,1.06,vegetarian;vegan;healthy;gluten_free,Shop Harvest Fresh Potatoes (1kg). Keywords: produce potatoes harvest fresh. Perfect for everyday meals and snacks.,GROC_0268;GROC_0036
GROC_0257,Everyday Basics Local Grapes,Produce,2 lbs,1.83,vegetarian;vegan;healthy;gluten_free,Shop Everyday Basics Local Grapes (2 lbs). Keywords: produce grapes everyday basics local. Perfect for everyday meals and snacks.,GROC_0265;GROC_0051;GROC_0140
GROC_0258,FarmFresh Premium Lemon,Produce,1 bunch,10.3,vegetarian;vegan;healthy;gluten_free,Shop FarmFresh Premium Lemon (1 bunch). Keywords: produce lemon farmfresh premium. Perfect for everyday meals and snacks.,GROC_0080;GROC_0257
GROC_0259,PureHarvest Fresh Cabbage,Produce,1 lb,2.88,vegetarian;vegan;healthy;gluten_free,Shop PureHarvest Fresh Cabbage (1 lb). Keywords: produce cabbage pureharvest fresh. Perfect for everyday meals and snacks.,GROC_0668
GROC_0260,SunKissed Farm Potatoes,Produce,1kg,8.14,vegetarian;vegan;healthy;gluten_free,Shop SunKissed Farm Potatoes (1kg). Keywords: produce potatoes sunkissed farm. Perfect for everyday meals and snacks.,GROC_1024;GROC_0949
GROC_0261,Daily Delight Farm Apples,Produce,500g,1.59,vegetarian;vegan;healthy;gluten_free,Shop Daily Delight Farm Apples (500g). Keywords: produce apples daily delight farm. Perfect for everyday meals and snacks.,GROC_0898;GROC_0515;GROC_0278
GROC_0262,Value Choice Premium Oranges,Produce,1 lb,8.51,vegetarian;vegan;healthy;gluten_free,Shop Value Choice Premium Oranges (1 lb). Keywords: produce oranges value choice premium. Perfect for everyday meals and snacks.,GROC_0325;GROC_0831;GROC_0239
GROC_0263,Gold Standard Fresh Green Chillies,Produce,1 lb,3.58,vegetarian;vegan;healthy;gluten_free,Shop Gold Standard Fresh Green Chillies (1 lb). Keywords: produce green chillies gold standard fresh. Perfect for everyday meals and snacks.,GROC_0952
GROC_0264,Nature's Best Local Cucumber,Produce,1kg,2.32,vegetarian;vegan;healthy;gluten_free,Shop Nature's Best Local Cucumber (1kg). Keywords: produce cucumber nature's best local. Perfect for everyday meals and snacks.,GROC_0138;GROC_0960
GROC_0265,GreenValley Local Coriander,Produce,1 piece,7.31,vegetarian;vegan;healthy;gluten_free,Shop GreenValley Local Coriander (1 piece). Keywords: produce coriander greenvalley local. Perfect for everyday meals and snacks.,GROC_0187;GROC_0025
GROC_0266,FarmFresh Local Potatoes,Produce,500g,12.8,vegetarian;vegan;healthy;gluten_free,Shop FarmFresh Local Potatoes (500g). Keywords: produce potatoes farmfresh local. Perfect for everyday meals and snacks.,GROC_0455;GROC_0916;GROC_0826
GROC_0267,FarmFresh Fresh Apples,Produce,500g,12.33,vegetarian;vegan;healthy;gluten_free,Shop FarmFresh Fresh Apples (500g). Keywords: produce apples farmfresh fresh. Perfect for everyday meals and snacks.,GROC_0385;GROC_0741;GROC_0672
GROC_0268,MorningDew Fresh Grapes,Produce,1kg,4.93,vegetarian;vegan;healthy;gluten_free,Shop MorningDew Fresh Grapes (1kg). Keywords: produce grapes morningdew fresh. Perfect for everyday meals and snacks.,GROC_0716
GROC_0269,Gold Standard Local Bananas,Produce,2 lbs,3.1,vegetarian;vegan;healthy;gluten_free,Shop Gold Standard Local Bananas (2 lbs). Keywords: produce bananas gold standard local. Perfect for everyday meals and snacks.,GROC_1086
GROC_0270,Chef's Choice Organic Cabbage,Produce,2 lbs,9.79,vegetarian;vegan;gluten_free;organic;healthy,Shop Chef's Choice Organic Cabbage (2 lbs). Keywords: produce cabbage chef's choice organic. Perfect for everyday meals and snacks.,GROC_0789
GROC_0271,MorningDew Coriander,Produce,1kg,5.75,vegetarian;vegan;healthy;gluten_free,Shop MorningDew Coriander (1kg). Keywords: produce coriander morningdew . Perfect for everyday meals and snacks.,GROC_1073;GROC_0770;GROC_1064
GROC_0272,PureHarvest Local Apples,Produce,1 bunch,12.04,vegetarian;vegan;healthy;gluten_free,Shop PureHarvest Local Apples (1 bunch). Keywords: produce apples pureharvest local. Perfect for everyday meals and snacks.,GROC_0511;GROC_0901
GROC_0273,Everyday Basics Farm Carrots,Produce,1 lb,5.84,vegetarian;vegan;healthy;gluten_free,Shop Everyday Basics Farm Carrots (1 lb). Keywords: produce carrots everyday basics farm. Perfect for everyday meals and snacks.,GROC_0475;GROC_0955;GROC_1013
GROC_0274,PureHarvest Lemon,Produce,1kg,5.85,vegetarian;vegan;healthy;gluten_free,Shop PureHarvest Lemon (1kg). Keywords: produce lemon pureharvest . Perfect for everyday meals and snacks.,GROC_0888;GROC_0459;GROC_0946
GROC_0275,Daily Delight Local Carrots,Produce,1 piece,10.97,vegetarian;vegan;healthy;gluten_free,Shop Daily Delight Local Carrots (1 piece). Keywords: produce carrots daily delight local. Perfect for everyday meals and snacks.,GROC_0263
GROC_0276,Nature's Best Spinach,Produce,1 lb,3.91,vegetarian;vegan;healthy;gluten_free,Shop Nature's Best Spinach (1 lb). Keywords: produce spinach nature's best . Perfect for everyday meals and snacks.,GROC_0531
GROC_0277,PureHarvest Ginger,Produce,1 piece,5.74,vegetarian;vegan;healthy;gluten_free,Shop PureHarvest Ginger (1 piece). Keywords: produce ginger pureharvest . Perfect for everyday meals and snacks.,GROC_1003
GROC_0278,SunKissed Organic Potatoes,Produce,1kg,6.98,vegetarian;vegan;gluten_free;organic;healthy,Shop SunKissed Organic Potatoes (1kg). Keywords: produce potatoes sunkissed organic. Perfect for everyday meals and snacks.,GROC_1069;GROC_0109;GROC_0012
GROC_0279,Nature's Best Premium Watermelon,Produce,1 piece,3.3,vegetarian;vegan;healthy;gluten_free,Shop Nature's Best Premium Watermelon (1 piece). Keywords: produce watermelon nature's best premium. Perfect for everyday meals and snacks.,GROC_0405;GROC_0046
GROC_0280,Premium Select Fresh Cucumber,Produce,1kg,13.61,vegetarian;vegan;healthy;gluten_free,Shop Premium Select Fresh Cucumber (1kg). Keywords: produce cucumber premium select fresh. Perfect for everyday meals and snacks.,GROC_0131;GROC_0467
GROC_0281,Essential Organic Lemon,Produce,500g,3.11,vegetarian;vegan;gluten_free;organic;healthy,Shop Essential Organic Lemon (500g). Keywords: produce lemon essential organic. Perfect for everyday meals and snacks.,GROC_0917;GROC_0999
GROC_0282,Premium Select Farm Onions,Produce,500g,3.95,vegetarian;vegan;healthy;gluten_free,Shop Premium Select Farm Onions (500g). Keywords: produce onions premium select farm. Perfect for everyday meals and snacks.,GROC_0501;GROC_0863
GROC_0283,Nature's Best Premium Lemon,Produce,500g,9.69,vegetarian;vegan;healthy;gluten_free,Shop Nature's Best Premium Lemon (500g). Keywords: produce lemon nature's best premium. Perfect for everyday meals and snacks.,GROC_0485;GROC_1090;GROC_1087
GROC_0284,MorningDew Local Ginger,Produce,1 piece,9.16,vegetarian;vegan;healthy;gluten_free,Shop MorningDew Local Ginger (1 piece). Keywords: produce ginger morningdew local. Perfect for everyday meals and snacks.,GROC_0083
GROC_0285,GreenValley Farm Ginger,Produce,2 lbs,4.87,vegetarian;vegan;healthy;gluten_free,Shop GreenValley Farm Ginger (2 lbs). Keywords: produce ginger greenvalley farm. Perfect for everyday meals and snacks.,GROC_1021
GROC_0286,OrganicLife Local Lemon,Produce,500g,2.53,vegetarian;vegan;gluten_free;organic;healthy,Shop OrganicLife Local Lemon (500g). Keywords: produce lemon organiclife local. Perfect for everyday meals and snacks.,GROC_1017;GROC_0023
GROC_0287,GreenValley Fresh Broccoli,Produce,1kg,8.09,vegetarian;vegan;healthy;gluten_free,Shop GreenValley Fresh Broccoli (1kg). Keywords: produce broccoli greenvalley fresh. Perfect for everyday meals and snacks.,GROC_0410;GROC_0659;GROC_0635
GROC_0288,Chef's Choice Fresh Spinach,Produce,1 bunch,6.53,vegetarian;vegan;healthy;gluten_free,Shop Chef's Choice Fresh Spinach (1 bunch). Keywords: produce spinach chef's choice fresh. Perfect for everyday meals and snacks.,GROC_0525;GROC_0704
GROC_0289,GreenValley Farm Oranges,Produce,1 bunch,8.12,vegetarian;vegan;healthy;gluten_free,Shop GreenValley Farm Oranges (1 bunch). Keywords: produce oranges greenvalley farm. Perfect for everyday meals and snacks.,GROC_0514;GROC_0520
GROC_0290,Gold Standard Farm Cabbage,Produce,1 piece,12.44,vegetarian;vegan;healthy;gluten_free,Shop Gold Standard Farm Cabbage (1 piece). Keywords: produce cabbage gold standard farm. Perfect for everyday meals and snacks.,GROC_0834;GROC_0303;GROC_0933
GROC_0291,Gold Standard Premium Apples,Produce,1 piece,4.55,vegetarian;vegan;healthy;gluten_free,Shop Gold Standard Premium Apples (1 piece). Keywords: produce apples gold standard premium. Perfect for everyday meals and snacks.,GROC_0909;GROC_1050
GROC_0292,Gold Standard Organic Green Chillies,Produce,1 piece,17.48,vegetarian;vegan;gluten_free;organic;healthy,Shop Gold Standard Organic Green Chillies (1 piece). Keywords: produce green chillies gold standard organic. Perfect for everyday meals and snacks.,GROC_0586
GROC_0293,Nature's Best Premium Broccoli,Produce,1kg,2.8,vegetarian;vegan;healthy;gluten_free,Shop Nature's Best Premium Broccoli (1kg). Keywords: produce broccoli nature's best premium. Perfect for everyday meals and snacks.,GROC_0617;GROC_0196;GROC_0139
GROC_0294,Daily Delight Organic Lemon,Produce,1 bunch,13.27,vegetarian;vegan;gluten_free;organic;healthy,Shop Daily Delight Organic Lemon (1 bunch). Keywords: produce lemon daily delight organic. Perfect for everyday meals and snacks.,GROC_0812;GROC_0478
GROC_0295,Chef's Choice Farm Broccoli,Produce,1 piece,2.89,vegetarian;vegan;healthy;gluten_free,Shop Chef's Choice Farm Broccoli (1 piece). Keywords: produce broccoli chef's choice farm. Perfect for everyday meals and snacks.,GROC_1059
GROC_0296,Harvest Local Spinach,Produce,1kg,5.9,vegetarian;vegan;healthy;gluten_free,Shop Harvest Local Spinach (1kg). Keywords: produce spinach harvest local. Perfect for everyday meals and snacks.,GROC_0646;GROC_0509;GROC_0588
GROC_0297,GreenValley Carrots,Produce,1 piece,10.46,vegetarian;vegan;healthy;gluten_free,Shop GreenValley Carrots (1 piece). Keywords: produce carrots greenvalley . Perfect for everyday meals and snacks.,GROC_0184;GROC_0586
GROC_0298,OrganicLife Fresh Lemon,Produce,1 bunch,2.97,vegetarian;vegan;gluten_free;organic;healthy,Shop OrganicLife Fresh Lemon (1 bunch). Keywords: produce lemon organiclife fresh. Perfect for everyday meals and snacks.,GROC_0046;GROC_0556
GROC_0299,PureHarvest Fresh Coriander,Produce,1kg,9.67,vegetarian;vegan;healthy;gluten_free,Shop PureHarvest Fresh Coriander (1kg). Keywords: produce coriander pureharvest fresh. Perfect for everyday meals and snacks.,GROC_0820
GROC_0300,Harvest Organic Coriander,Produce,1 piece,6.99,vegetarian;vegan;gluten_free;organic;healthy,Shop Harvest Organic Coriander (1 piece). Keywords: produce coriander harvest organic. Perfect for everyday meals and snacks.,GROC_0544;GROC_0624;GROC_0603
GROC_0301,GreenValley Fresh Ginger,Produce,500g,4.71,vegetarian;vegan;healthy;gluten_free,Shop GreenValley Fresh Ginger (500g). Keywords: produce ginger greenvalley fresh. Perfect for everyday meals and snacks.,GROC_0864;GROC_0004
GROC_0302,SunKissed Local Lemon,Produce,2 lbs,2.54,vegetarian;vegan;healthy;gluten_free,Shop SunKissed Local Lemon (2 lbs). Keywords: produce lemon sunkissed local. Perfect for everyday meals and snacks.,GROC_0219
GROC_0303,Value Choice Local Oranges,Produce,1 piece,8.71,vegetarian;vegan;healthy;gluten_free,Shop Value Choice Local Oranges (1 piece). Keywords: produce oranges value choice local. Perfect for everyday meals and snacks.,GROC_0908
GROC_0304,Essential Premium Carrots,Produce,500g,13.19,vegetarian;vegan;healthy;gluten_free,Shop Essential Premium Carrots (500g). Keywords: produce carrots essential premium. Perfect for everyday meals and snacks.,GROC_0704;GROC_0810
GROC_0305,Harvest Coriander,Produce,1 piece,8.74,vegetarian;vegan;healthy;gluten_free,Shop Harvest Coriander (1 piece). Keywords: produce coriander harvest . Perfect for everyday meals and snacks.,GROC_0056;GROC_0115
GROC_0306,Chef's Choice Cauliflower,Produce,1kg,5.34,vegetarian;vegan;healthy;gluten_free,Shop Chef's Choice Cauliflower (1kg). Keywords: produce cauliflower chef's choice . Perfect for everyday meals and snacks.,GROC_0578;GROC_0774;GROC_0340
GROC_0307,Premium Select Local Watermelon,Produce,1kg,4.61,vegetarian;vegan;healthy;gluten_free,Shop Premium Select Local Watermelon (1kg). Keywords: produce watermelon premium select local. Perfect for everyday meals and snacks.,GROC_0302
GROC_0308,Chef's Choice Premium Mangoes,Produce,1 piece,16.23,vegetarian;vegan;healthy;gluten_free,Shop Chef's Choice Premium Mangoes (1 piece). Keywords: produce mangoes chef's choice premium. Perfect for everyday meals and snacks.,GROC_1067
GROC_0309,GreenValley Farm Apples,Produce,1kg,2.56,vegetarian;vegan;healthy;gluten_free,Shop GreenValley Farm Apples (1kg). Keywords: produce apples greenvalley farm. Perfect for everyday meals and snacks.,GROC_0928;GROC_0572;GROC_0675
GROC_0310,Daily Delight Organic Cabbage,Produce,500g,15.35,vegetarian;vegan;gluten_free;organic;healthy,Shop Daily Delight Organic Cabbage (500g). Keywords: produce cabbage daily delight organic. Perfect for everyday meals and snacks.,GROC_1057;GROC_0426
GROC_0311,MorningDew Premium Green Chillies,Produce,500g,8.74,vegetarian;vegan;healthy;gluten_free,Shop MorningDew Premium Green Chillies (500g). Keywords: produce green chillies morningdew premium. Perfect for everyday meals and snacks.,GROC_0313;GROC_0785;GROC_0660
GROC_0312,OrganicLife Premium Cauliflower,Produce,2 lbs,5.38,vegetarian;vegan;gluten_free;organic;healthy,Shop OrganicLife Premium Cauliflower (2 lbs). Keywords: produce cauliflower organiclife premium. Perfect for everyday meals and snacks.,GROC_0122;GROC_0439;GROC_0167
GROC_0313,Everyday Basics Premium Broccoli,Produce,1kg,14.55,vegetarian;vegan;healthy;gluten_free,Shop Everyday Basics Premium Broccoli (1kg). Keywords: produce broccoli everyday basics premium. Perfect for everyday meals and snacks.,GROC_0707;GROC_0683;GROC_0135
GROC_0314,Chef's Choice Fresh Tomatoes,Produce,500g,12.58,vegetarian;vegan;healthy;gluten_free,Shop Chef's Choice Fresh Tomatoes (500g). Keywords: produce tomatoes chef's choice fresh. Perfect for everyday meals and snacks.,GROC_0297;GROC_0667;GROC_0867
GROC_0315,Harvest Fresh Capsicum,Produce,500g,9.13,vegetarian;vegan;healthy;gluten_free,Shop Harvest Fresh Capsicum (500g). Keywords: produce capsicum harvest fresh. Perfect for everyday meals and snacks.,GROC_0489;GROC_0542;GROC_0554
GROC_0316,Gold Standard Fresh Ginger,Produce,1 lb,10.33,vegetarian;vegan;healthy;gluten_free,Shop Gold Standard Fresh Ginger (1 lb). Keywords: produce ginger gold standard fresh. Perfect for everyday meals and snacks.,GROC_0392
GROC_0317,Chef's Choice Organic Cucumber,Produce,1 lb,15.11,vegetarian;vegan;gluten_free;organic;healthy,Shop Chef's Choice Organic Cucumber (1 lb). Keywords: produce cucumber chef's choice organic. Perfect for everyday meals and snacks.,GROC_0107;GROC_0625
GROC_0318,Daily Delight Green Chillies,Produce,1kg,8.68,vegetarian;vegan;healthy;gluten_free,Shop Daily Delight Green Chillies (1kg). Keywords: produce green chillies daily delight . Perfect for everyday meals and snacks.,GROC_1100
GROC_0319,Chef's Choice Premium Spinach,Produce,1 bunch,15.6,vegetarian;vegan;healthy;gluten_free,Shop Chef's Choice Premium Spinach (1 bunch). Keywords: produce spinach chef's choice premium. Perfect for everyday meals and snacks.,GROC_0680;GROC_0927;GROC_0896
GROC_0320,Value Choice Organic Mangoes,Produce,1 bunch,5.97,vegetarian;vegan;gluten_free;organic;healthy,Shop Value Choice Organic Mangoes (1 bunch). Keywords: produce mangoes value choice organic. Perfect for everyday meals and snacks.,GROC_0594
GROC_0321,Daily Delight Cucumber,Produce,1 lb,12.35,vegetarian;vegan;healthy;gluten_free,Shop Daily Delight Cucumber (1 lb). Keywords: produce cucumber daily delight . Perfect for everyday meals and snacks.,GROC_0315;GROC_0726
GROC_0322,PureHarvest Local Bananas,Produce,1 bunch,7.01,vegetarian;vegan;healthy;gluten_free,Shop PureHarvest Local Bananas (1 bunch). Keywords: produce bananas pureharvest local. Perfect for everyday meals and snacks.,GROC_0516;GROC_0928
GROC_0323,PureHarvest Fresh Tomatoes,Produce,1 bunch,3.68,vegetarian;vegan;healthy;gluten_free,Shop PureHarvest Fresh Tomatoes (1 bunch). Keywords: produce tomatoes pureharvest fresh. Perfect for everyday meals and snacks.,GROC_0269;GROC_0977;GROC_0455
GROC_0324,Harvest Premium Carrots,Produce,1 bunch,12.31,vegetarian;vegan;healthy;gluten_free,Shop Harvest Premium Carrots (1 bunch). Keywords: produce carrots harvest premium. Perfect for everyday meals and snacks.,GROC_0155;GROC_0811
GROC_0325,SunKissed Premium Capsicum,Produce,500g,9.27,vegetarian;vegan;healthy;gluten_free,Shop SunKissed Premium Capsicum (500g). Keywords: produce capsicum sunkissed premium. Perfect for everyday meals and snacks.,GROC_0198;GROC_0051
GROC_0326,FarmFresh Green Chillies,Produce,1 bunch,4.06,vegetarian;vegan;healthy;gluten_free,Shop FarmFresh Green Chillies (1 bunch). Keywords: produce green chillies farmfresh . Perfect for everyday meals and snacks.,GROC_0903;GROC_0997;GROC_0671
GROC_0327,Chef's Choice Farm Grapes,Produce,2 lbs,7.32,vegetarian;vegan;healthy;gluten_free,Shop Chef's Choice Farm Grapes (2 lbs). Keywords: produce grapes chef's choice farm. Perfect for everyday meals and snacks.,GROC_0588
GROC_0328,MorningDew Organic Mangoes,Produce,1kg,6.45,vegetarian;vegan;gluten_free;organic;healthy,Shop MorningDew Organic Mangoes (1kg). Keywords: produce mangoes morningdew organic. Perfect for everyday meals and snacks.,GROC_0570
GROC_0329,Premium Select Premium Apples,Produce,1 lb,14.72,vegetarian;vegan;healthy;gluten_free,Shop Premium Select Premium Apples (1 lb). Keywords: produce apples premium select premium. Perfect for everyday meals and snacks.,GROC_0564;GROC_0289;GROC_0485
GROC_0330,Nature's Best Local Broccoli,Produce,1 bunch,8.15,vegetarian;vegan;healthy;gluten_free,Shop Nature's Best Local Broccoli (1 bunch). Keywords: produce broccoli nature's best local. Perfect for everyday meals and snacks.,GROC_0438
GROC_0331,GreenValley Farm Bananas,Produce,1 piece,3.89,vegetarian;vegan;healthy;gluten_free,Shop GreenValley Farm Bananas (1 piece). Keywords: produce bananas greenvalley farm. Perfect for everyday meals and snacks.,GROC_0167;GROC_0550;GROC_0893
GROC_0332,Value Choice Grapes,Produce,1 lb,8.37,vegetarian;vegan;healthy;gluten_free,Shop Value Choice Grapes (1 lb). Keywords: produce grapes value choice . Perfect for everyday meals and snacks.,GROC_0869;GROC_0748;GROC_0613
GROC_0333,Everyday Basics Organic Tomatoes,Produce,1 lb,12.55,vegetarian;vegan;gluten_free;organic;healthy,Shop Everyday Basics Organic Tomatoes (1 lb). Keywords: produce tomatoes everyday basics organic. Perfect for everyday meals and snacks.,GROC_0809;GROC_0350;GROC_0317
GROC_0334,Chef's Choice Oranges,Produce,1kg,12.43,vegetarian;vegan;healthy;gluten_free,Shop Chef's Choice Oranges (1kg). Keywords: produce oranges chef's choice . Perfect for everyday meals and snacks.,GROC_0740
GROC_0335,Chef's Choice Farm Garlic,Produce,1 piece,1.23,vegetarian;vegan;healthy;gluten_free,Shop Chef's Choice Farm Garlic (1 piece). Keywords: produce garlic chef's choice farm. Perfect for everyday meals and snacks.,GROC_0730
GROC_0336,FarmFresh Local Capsicum,Produce,2 lbs,12.76,vegetarian;vegan;healthy;gluten_free,Shop FarmFresh Local Capsicum (2 lbs). Keywords: produce capsicum farmfresh local. Perfect for everyday meals and snacks.,GROC_0386;GROC_0045
GROC_0337,SunKissed Fresh Onions,Produce,1 bunch,10.45,vegetarian;vegan;healthy;gluten_free,Shop SunKissed Fresh Onions (1 bunch). Keywords: produce onions sunkissed fresh. Perfect for everyday meals and snacks.,GROC_0350;GROC_0938;GROC_0023
GROC_0338,Premium Select Premium Spinach,Produce,2 lbs,11.94,vegetarian;vegan;healthy;gluten_free,Shop Premium Select Premium Spinach (2 lbs). Keywords: produce spinach premium select premium. Perfect for everyday meals and snacks.,GROC_0652;GROC_0678;GROC_0080
GROC_0339,SunKissed Organic Ginger,Produce,1kg,2.13,vegetarian;vegan;gluten_free;organic;healthy,Shop SunKissed Organic Ginger (1kg). Keywords: produce ginger sunkissed organic. Perfect for everyday meals and snacks.,GROC_0654;GROC_0485;GROC_0515
GROC_0340,OrganicLife Organic Garlic,Produce,2 lbs,15.34,vegetarian;vegan;gluten_free;organic;healthy,Shop OrganicLife Organic Garlic (2 lbs). Keywords: produce garlic organiclife organic. Perfect for everyday meals and snacks.,GROC_0913
GROC_0341,Gold Standard Local Coriander,Produce,2 lbs,8.57,vegetarian;vegan;healthy;gluten_free,Shop Gold Standard Local Coriander (2 lbs). Keywords: produce coriander gold standard local. Perfect for everyday meals and snacks.,GROC_0198;GROC_0731
GROC_0342,Nature's Best Local Grapes,Produce,2 lbs,1.43,vegetarian;vegan;healthy;gluten_free,Shop Nature's Best Local Grapes (2 lbs). Keywords: produce grapes nature's best local. Perfect for everyday meals and snacks.,GROC_0421
GROC_0343,FarmFresh Papaya,Produce,500g,4.78,vegetarian;vegan;healthy;gluten_free,Shop FarmFresh Papaya (500g). Keywords: produce papaya farmfresh . Perfect for everyday meals and snacks.,GROC_0593;GROC_0261;GROC_0708
GROC_0344,Chef's Choice Farm Potatoes,Produce,1 lb,6.67,vegetarian;vegan;healthy;gluten_free,Shop Chef's Choice Farm Potatoes (1 lb). Keywords: produce potatoes chef's choice farm. Perfect for everyday meals and snacks.,GROC_0961;GROC_0571;GROC_0109
GROC_0345,MorningDew Organic Apples,Produce,2 lbs,6.19,vegetarian;vegan;gluten_free;organic;healthy,Shop MorningDew Organic Apples (2 lbs). Keywords: produce apples morningdew organic. Perfect for everyday meals and snacks.,GROC_0518
GROC_0346,Essential Fresh Apples,Produce,2 lbs,4.27,vegetarian;vegan;healthy;gluten_free,Shop Essential Fresh Apples (2 lbs). Keywords: produce apples essential fresh. Perfect for everyday meals and snacks.,GROC_1075;GROC_0887
GROC_0347,PureHarvest Premium Spinach,Produce,1 lb,8.77,vegetarian;vegan;healthy;gluten_free,Shop PureHarvest Premium Spinach (1 lb). Keywords: produce spinach pureharvest premium. Perfect for everyday meals and snacks.,GROC_0216
GROC_0348,OrganicLife Local Cabbage,Produce,500g,13.01,vegetarian;vegan;gluten_free;organic;healthy,Shop OrganicLife Local Cabbage (500g). Keywords: produce cabbage organiclife local. Perfect for everyday meals and snacks.,GROC_0944;GROC_0190;GROC_0380
GROC_0349,Harvest Fresh Spinach,Produce,1 piece,10.6,vegetarian;vegan;healthy;gluten_free,Shop Harvest Fresh Spinach (1 piece). Keywords: produce spinach harvest fresh. Perfect for everyday meals and snacks.,GROC_0407;GROC_0216;GROC_0442
GROC_0350,Nature's Best Farm Cauliflower,Produce,1 lb,12.93,vegetarian;vegan;healthy;gluten_free,Shop Nature's Best Farm Cauliflower (1 lb). Keywords: produce cauliflower nature's best farm. Perfect for everyday meals and snacks.,GROC_0180;GROC_0575;GROC_1043
GROC_0351,Chef's Choice Fresh Watermelon,Produce,1kg,2.22,vegetarian;vegan;healthy;gluten_free,Shop Chef's Choice Fresh Watermelon (1kg). Keywords: produce watermelon chef's choice fresh. Perfect for everyday meals and snacks.,GROC_0887
GROC_0352,GreenValley Fresh Carrots,Produce,1kg,6.34,vegetarian;vegan;healthy;gluten_free,Shop GreenValley Fresh Carrots (1kg). Keywords: produce carrots greenvalley fresh. Perfect for everyday meals and snacks.,GROC_1011
GROC_0353,Daily Delight Local Cauliflower,Produce,2 lbs,5.21,vegetarian;vegan;healthy;gluten_free,Shop Daily Delight Local Cauliflower (2 lbs). Keywords: produce cauliflower daily delight local. Perfect for everyday meals and snacks.,GROC_0012;GROC_0264
GROC_0354,Value Choice Cauliflower,Produce,2 lbs,1.89,vegetarian;vegan;healthy;gluten_free,Shop Value Choice Cauliflower (2 lbs). Keywords: produce cauliflower value choice . Perfect for everyday meals and snacks.,GROC_0468
GROC_0355,PureHarvest Farm Lemon,Produce,1kg,10.6,vegetarian;vegan;healthy;gluten_free,Shop PureHarvest Farm Lemon (1kg). Keywords: produce lemon pureharvest farm. Perfect for everyday meals and snacks.,GROC_1053;GROC_0849;GROC_0275
GROC_0356,Daily Delight Organic Coriander,Produce,1 bunch,15.64,vegetarian;vegan;gluten_free;organic;healthy,Shop Daily Delight Organic Coriander (1 bunch). Keywords: produce coriander daily delight organic. Perfect for everyday meals and snacks.,GROC_0532
GROC_0357,Nature's Best Premium Grapes,Produce,500g,7.54,vegetarian;vegan;healthy;gluten_free,Shop Nature's Best Premium Grapes (500g). Keywords: produce grapes nature's best premium. Perfect for everyday meals and snacks.,GROC_0483;GROC_0373
GROC_0358,Everyday Basics Farm Cabbage,Produce,1 bunch,2.83,vegetarian;vegan;healthy;gluten_free,Shop Everyday Basics Farm Cabbage (1 bunch). Keywords: produce cabbage everyday basics farm. Perfect for everyday meals and snacks.,GROC_0471;GROC_0198
GROC_0359,OrganicLife Local Broccoli,Produce,1kg,14.21,vegetarian;vegan;gluten_free;organic;healthy,Shop OrganicLife Local Broccoli (1kg). Keywords: produce broccoli organiclife local. Perfect for everyday meals and snacks.,GROC_0951;GROC_0596
GROC_0360,Daily Delight Fresh Ginger,Produce,1 piece,5.77,vegetarian;vegan;healthy;gluten_free,Shop Daily Delight Fresh Ginger (1 piece). Keywords: produce ginger daily delight fresh. Perfect for everyday meals and snacks.,GROC_0823;GROC_0946
GROC_0361,Value Choice Lemon,Produce,500g,1.3,vegetarian;vegan;healthy;gluten_free,Shop Value Choice Lemon (500g). Keywords: produce lemon value choice . Perfect for everyday meals and snacks.,GROC_0376;GROC_0949
GROC_0362,Gold Standard Local Watermelon,Produce,1 piece,11.95,vegetarian;vegan;healthy;gluten_free,Shop Gold Standard Local Watermelon (1 piece). Keywords: produce watermelon gold standard local. Perfect for everyday meals and snacks.,GROC_0913;GROC_0843;GROC_0973
GROC_0363,Value Choice Premium Mangoes,Produce,1kg,8.88,vegetarian;vegan;healthy;gluten_free,Shop Value Choice Premium Mangoes (1kg). Keywords: produce mangoes value choice premium. Perfect for everyday meals and snacks.,GROC_1075;GROC_0086;GROC_0533
GROC_0364,Value Choice Local Green Chillies,Produce,2 lbs,3.39,vegetarian;vegan;healthy;gluten_free,Shop Value Choice Local Green Chillies (2 lbs). Keywords: produce green chillies value choice local. Perfect for everyday meals and snacks.,GROC_0709;GROC_0036;GROC_0677
GROC_0365,Essential Local Grapes,Produce,1 bunch,3.06,vegetarian;vegan;healthy;gluten_free,Shop Essential Local Grapes (1 bunch). Keywords: produce grapes essential local. Perfect for everyday meals and snacks.,GROC_0054;GROC_0210
GROC_0366,OrganicLife Coriander,Produce,2 lbs,10.63,vegetarian;vegan;gluten_free;organic;healthy,Shop OrganicLife Coriander (2 lbs). Keywords: produce coriander organiclife . Perfect for everyday meals and snacks.,GROC_0099
GROC_0367,Harvest Organic Potatoes,Produce,1kg,13.34,vegetarian;vegan;gluten_free;organic;healthy,Shop Harvest Organic Potatoes (1kg). Keywords: produce potatoes harvest organic. Perfect for everyday meals and snacks.,GROC_0546
GROC_0368,Daily Delight Farm Lemon,Produce,1kg,3.68,vegetarian;vegan;healthy;gluten_free,Shop Daily Delight Farm Lemon (1kg). Keywords: produce lemon daily delight farm. Perfect for everyday meals and snacks.,GROC_0484
GROC_0369,MorningDew Organic Papaya,Produce,500g,14.66,vegetarian;vegan;gluten_free;organic;healthy,Shop MorningDew Organic Papaya (500g). Keywords: produce papaya morningdew organic. Perfect for everyday meals and snacks.,GROC_0275
GROC_0370,OrganicLife Farm Bananas,Produce,1 piece,7.58,vegetarian;vegan;gluten_free;organic;healthy,Shop OrganicLife Farm Bananas (1 piece). Keywords: produce bananas organiclife farm. Perfect for everyday meals and snacks.,GROC_0510
GROC_0371,Daily Delight Garlic,Produce,1 piece,1.78,vegetarian;vegan;healthy;gluten_free,Shop Daily Delight Garlic (1 piece). Keywords: produce garlic daily delight . Perfect for everyday meals and snacks.,GROC_0085
GROC_0372,SunKissed Local Cabbage,Produce,2 lbs,7.3,vegetarian;vegan;healthy;gluten_free,Shop SunKissed Local Cabbage (2 lbs). Keywords: produce cabbage sunkissed local. Perfect for everyday meals and snacks.,GROC_0107;GROC_0798;GROC_0354
GROC_0373,Essential Cauliflower,Produce,1 piece,2.49,vegetarian;vegan;healthy;gluten_free,Shop Essential Cauliflower (1 piece). Keywords: produce cauliflower essential . Perfect for everyday meals and snacks.,GROC_0685;GROC_0785;GROC_0994
GROC_0374,GreenValley Local Carrots,Produce,1 bunch,6.58,vegetarian;vegan;healthy;gluten_free,Shop GreenValley Local Carrots (1 bunch). Keywords: produce carrots greenvalley local. Perfect for everyday meals and snacks.,GROC_0897;GROC_0170
GROC_0375,OrganicLife Farm Cucumber,Produce,500g,12.13,vegetarian;vegan;gluten_free;organic;healthy,Shop OrganicLife Farm Cucumber (500g). Keywords: produce cucumber organiclife farm. Perfect for everyday meals and snacks.,GROC_0308;GROC_0501;GROC_0344
GROC_0376,MorningDew Local Watermelon,Produce,500g,7.02,vegetarian;vegan;healthy;gluten_free,Shop MorningDew Local Watermelon (500g). Keywords: produce watermelon morningdew local. Perfect for everyday meals and snacks.,GROC_0340;GROC_0687;GROC_0568
GROC_0377,Essential Farm Apples,Produce,1 bunch,2.83,vegetarian;vegan;healthy;gluten_free,Shop Essential Farm Apples (1 bunch). Keywords: produce apples essential farm. Perfect for everyday meals and snacks.,GROC_0807;GROC_0234;GROC_0870
GROC_0378,Daily Delight Premium Watermelon,Produce,1kg,5.17,vegetarian;vegan;healthy;gluten_free,Shop Daily Delight Premium Watermelon (1kg). Keywords: produce watermelon daily delight premium. Perfect for everyday meals and snacks.,GROC_0167
GROC_0379,Harvest Cucumber,Produce,1kg,4.0,vegetarian;vegan;healthy;gluten_free,Shop Harvest Cucumber (1kg). Keywords: produce cucumber harvest . Perfect for everyday meals and snacks.,GROC_0681;GROC_0769;GROC_0724
GROC_0380,Chef's Choice Organic Lemon,Produce,1kg,11.89,vegetarian;vegan;gluten_free;organic;healthy,Shop Chef's Choice Organic Lemon (1kg). Keywords: produce lemon chef's choice organic. Perfect for everyday meals and snacks.,GROC_0271
GROC_0381,Chef's Choice Farm Green Chillies,Produce,1 bunch,8.68,vegetarian;vegan;healthy;gluten_free,Shop Chef's Choice Farm Green Chillies (1 bunch). Keywords: produce green chillies chef's choice farm. Perfect for everyday meals and snacks.,GROC_0126
GROC_0382,Everyday Basics Organic Ginger,Produce,500g,12.45,vegetarian;vegan;gluten_free;organic;healthy,Shop Everyday Basics Organic Ginger (500g). Keywords: produce ginger everyday basics organic. Perfect for everyday meals and snacks.,GROC_0618;GROC_0347;GROC_0313
GROC_0383,OrganicLife Green Chillies,Produce,1 piece,15.25,vegetarian;vegan;gluten_free;organic;healthy,Shop OrganicLife Green Chillies (1 piece). Keywords: produce green chillies organiclife . Perfect for everyday meals and snacks.,GROC_1089
GROC_0384,Nature's Best Premium Bananas,Produce,1 bunch,14.34,vegetarian;vegan;healthy;gluten_free,Shop Nature's Best Premium Bananas (1 bunch). Keywords: produce bananas nature's best premium. Perfect for everyday meals and snacks.,GROC_0420;GROC_0236
GROC_0385,GreenValley Farm Onions,Produce,500g,5.99,vegetarian;vegan;healthy;gluten_free,Shop GreenValley Farm Onions (500g). Keywords: produce onions greenvalley farm. Perfect for everyday meals and snacks.,GROC_0208
GROC_0386,Value Choice Fresh Garlic,Produce,2 lbs,6.79,vegetarian;vegan;healthy;gluten_free,Shop Value Choice Fresh Garlic (2 lbs). Keywords: produce garlic value choice fresh. Perfect for everyday meals and snacks.,GROC_0006;GROC_0888;GROC_0715
GROC_0387,PureHarvest Local Coriander,Produce,1kg,1.87,vegetarian;vegan;healthy;gluten_free,Shop PureHarvest Local Coriander (1kg). Keywords: produce coriander pureharvest local. Perfect for everyday meals and snacks.,GROC_0214;GROC_0414
GROC_0388,Gold Standard Fresh Capsicum,Produce,500g,8.27,vegetarian;vegan;healthy;gluten_free,Shop Gold Standard Fresh Capsicum (500g). Keywords: produce capsicum gold standard fresh. Perfect for everyday meals and snacks.,GROC_0073
GROC_0389,Essential Fresh Carrots,Produce,2 lbs,9.8,vegetarian;vegan;healthy;gluten_free,Shop Essential Fresh Carrots (2 lbs). Keywords: produce carrots essential fresh. Perfect for everyday meals and snacks.,GROC_1043;GROC_0553;GROC_0220
GROC_0390,PureHarvest Fresh Spinach,Produce,500g,7.17,vegetarian;vegan;healthy;gluten_free,Shop PureHarvest Fresh Spinach (500g). Keywords: produce spinach pureharvest fresh. Perfect for everyday meals and snacks.,GROC_0476;GROC_1001;GROC_0513
GROC_0391,OrganicLife Local Mangoes,Produce,500g,3.44,vegetarian;vegan;gluten_free;organic;healthy,Shop OrganicLife Local Mangoes (500g). Keywords: produce mangoes organiclife local. Perfect for everyday meals and snacks.,GROC_0270;GROC_0982
GROC_0392,Premium Select Broccoli,Produce,500g,2.24,vegetarian;vegan;healthy;gluten_free,Shop Premium Select Broccoli (500g). Keywords: produce broccoli premium select . Perfect for everyday meals and snacks.,GROC_0570;GROC_0696;GROC_0333
GROC_0393,Essential Local Cabbage,Produce,1 piece,3.97,vegetarian;vegan;healthy;gluten_free,Shop Essential Local Cabbage (1 piece). Keywords: produce cabbage essential local. Perfect for everyday meals and snacks.,GROC_0334;GROC_0230;GROC_0663
GROC_0394,Essential Farm Watermelon,Produce,1kg,9.64,vegetarian;vegan;healthy;gluten_free,Shop Essential Farm Watermelon (1kg). Keywords: produce watermelon essential farm. Perfect for everyday meals and snacks.,GROC_0983;GROC_0123
GROC_0395,MorningDew Local Papaya,Produce,500g,12.94,vegetarian;vegan;healthy;gluten_free,Shop MorningDew Local Papaya (500g). Keywords: produce papaya morningdew local. Perfect for everyday meals and snacks.,GROC_0084
GROC_0396,Gold Standard Local Broccoli,Produce,1kg,1.27,vegetarian;vegan;healthy;gluten_free,Shop Gold Standard Local Broccoli (1kg). Keywords: produce broccoli gold standard local. Perfect for everyday meals and snacks.,GROC_0091;GROC_0150
GROC_0397,Everyday Basics Papaya,Produce,1kg,1.6,vegetarian;vegan;healthy;gluten_free,Shop Everyday Basics Papaya (1kg). Keywords: produce papaya everyday basics . Perfect for everyday meals and snacks.,GROC_0181;GROC_0633
GROC_0398,Everyday Basics Premium Capsicum,Produce,2 lbs,9.29,vegetarian;vegan;healthy;gluten_free,Shop Everyday Basics Premium Capsicum (2 lbs). Keywords: produce capsicum everyday basics premium. Perfect for everyday meals and snacks.,GROC_0339;GROC_0985
GROC_0399,FarmFresh Local Garlic,Produce,1 bunch,2.6,vegetarian;vegan;healthy;gluten_free,Shop FarmFresh Local Garlic (1 bunch). Keywords: produce garlic farmfresh local. Perfect for everyday meals and snacks.,GROC_0977
GROC_0400,SunKissed Local Onions,Produce,1kg,5.38,vegetarian;vegan;healthy;gluten_free,Shop SunKissed Local Onions (1kg). Keywords: produce onions sunkissed local. Perfect for everyday meals and snacks.,GROC_1066
GROC_0401,FarmFresh Farm Cabbage,Produce,1 piece,3.33,vegetarian;vegan;healthy;gluten_free,Shop FarmFresh Farm Cabbage (1 piece). Keywords: produce cabbage farmfresh farm. Perfect for everyday meals and snacks.,GROC_0155
GROC_0402,Value Choice Local Garlic,Produce,1 bunch,7.04,vegetarian;vegan;healthy;gluten_free,Shop Value Choice Local Garlic (1 bunch). Keywords: produce garlic value choice local. Perfect for everyday meals and snacks.,GROC_0409
GROC_0403,Value Choice Premium Garlic,Produce,1 piece,11.65,vegetarian;vegan;healthy;gluten_free,Shop Value Choice Premium Garlic (1 piece). Keywords: produce garlic value choice premium. Perfect for everyday meals and snacks.,GROC_1034
GROC_0404,Nature's Best Fresh Grapes,Produce,1 lb,10.53,vegetarian;vegan;healthy;gluten_free,Shop Nature's Best Fresh Grapes (1 lb). Keywords: produce grapes nature's best fresh. Perfect for everyday meals and snacks.,GROC_0120;GROC_0343
GROC_0405,Chef's Choice Organic Carrots,Produce,1kg,4.73,vegetarian;vegan;gluten_free;organic;healthy,Shop Chef's Choice Organic Carrots (1kg). Keywords: produce carrots chef's choice organic. Perfect for everyday meals and snacks.,GROC_0772
GROC_0406,PureHarvest Cucumber,Produce,1 piece,1.53,vegetarian;vegan;healthy;gluten_free,Shop PureHarvest Cucumber (1 piece). Keywords: produce cucumber pureharvest . Perfect for everyday meals and snacks.,GROC_0949;GROC_0119
GROC_0407,SunKissed Local Grapes,Produce,1kg,7.22,vegetarian;vegan;healthy;gluten_free,Shop SunKissed Local Grapes (1kg). Keywords: produce grapes sunkissed local. Perfect for everyday meals and snacks.,GROC_0063;GROC_1067
GROC_0408,Everyday Basics Organic Grapes,Produce,1 piece,6.9,vegetarian;vegan;gluten_free;organic;healthy,Shop Everyday Basics Organic Grapes (1 piece). Keywords: produce grapes everyday basics organic. Perfect for everyday meals and snacks.,GROC_0862
GROC_0409,OrganicLife Local Green Chillies,Produce,500g,18.03,vegetarian;vegan;gluten_free;organic;healthy,Shop OrganicLife Local Green Chillies (500g). Keywords: produce green chillies organiclife local. Perfect for everyday meals and snacks.,GROC_1085;GROC_0858;GROC_0371
GROC_0410,Everyday Basics Farm Potatoes,Produce,1kg,10.93,vegetarian;vegan;healthy;gluten_free,Shop Everyday Basics Farm Potatoes (1kg). Keywords: produce potatoes everyday basics farm. Perfect for everyday meals and snacks.,GROC_0861;GROC_0048;GROC_0694
GROC_0411,Gold Standard Farm Garlic,Produce,2 lbs,4.59,vegetarian;vegan;healthy;gluten_free,Shop Gold Standard Farm Garlic (2 lbs). Keywords: produce garlic gold standard farm. Perfect for everyday meals and snacks.,GROC_0203
GROC_0412,OrganicLife Premium Bananas,Produce,1kg,3.23,vegetarian;vegan;gluten_free;organic;healthy,Shop OrganicLife Premium Bananas (1kg). Keywords: produce bananas organiclife premium. Perfect for everyday meals and snacks.,GROC_0175
GROC_0413,Everyday Basics Premium Cauliflower,Produce,1kg,16.04,vegetarian;vegan;healthy;gluten_free,Shop Everyday Basics Premium Cauliflower (1kg). Keywords: produce cauliflower everyday basics premium. Perfect for everyday meals and snacks.,GROC_0310
GROC_0414,SunKissed Farm Tomatoes,Produce,1 bunch,6.76,vegetarian;vegan;healthy;gluten_free,Shop SunKissed Farm Tomatoes (1 bunch). Keywords: produce tomatoes sunkissed farm. Perfect for everyday meals and snacks.,GROC_0833
GROC_0415,GreenValley Farm Cucumber,Produce,2 lbs,10.29,vegetarian;vegan;healthy;gluten_free,Shop GreenValley Farm Cucumber (2 lbs). Keywords: produce cucumber greenvalley farm. Perfect for everyday meals and snacks.,GROC_0268;GROC_0423
GROC_0416,Everyday Basics Apples,Produce,2 lbs,3.28,vegetarian;vegan;healthy;gluten_free,Shop Everyday Basics Apples (2 lbs). Keywords: produce apples everyday basics . Perfect for everyday meals and snacks.,GROC_0510;GROC_0238;GROC_0026
GROC_0417,OrganicLife Organic Broccoli,Produce,1 lb,8.32,vegetarian;vegan;gluten_free;organic;healthy,Shop OrganicLife Organic Broccoli (1 lb). Keywords: produce broccoli organiclife organic. Perfect for everyday meals and snacks.,GROC_1020;GROC_0826
GROC_0418,PureHarvest Farm Papaya,Produce,1 piece,12.04,vegetarian;vegan;healthy;gluten_free,Shop PureHarvest Farm Papaya (1 piece). Keywords: produce papaya pureharvest farm. Perfect for everyday meals and snacks.,GROC_0807;GROC_0589;GROC_0744
GROC_0419,Chef's Choice Premium Papaya,Produce,1kg,9.42,vegetarian;vegan;healthy;gluten_free,Shop Chef's Choice Premium Papaya (1kg). Keywords: produce papaya chef's choice premium. Perfect for everyday meals and snacks.,GROC_0702;GROC_0663
GROC_0420,OrganicLife Fresh Garlic,Produce,1 piece,12.74,vegetarian;vegan;gluten_free;organic;healthy,Shop OrganicLife Fresh Garlic (1 piece). Keywords: produce garlic organiclife fresh. Perfect for everyday meals and snacks.,GROC_0383;GROC_0703
GROC_0421,GreenValley Fresh Coriander,Produce,2 lbs,8.31,vegetarian;vegan;healthy;gluten_free,Shop GreenValley Fresh Coriander (2 lbs). Keywords: produce coriander greenvalley fresh. Perfect for everyday meals and snacks.,GROC_0979
GROC_0422,Premium Select Farm Papaya,Produce,1kg,6.4,vegetarian;vegan;healthy;gluten_free,Shop Premium Select Farm Papaya (1kg). Keywords: produce papaya premium select farm. Perfect for everyday meals and snacks.,GROC_0007;GROC_0811
GROC_0423,MorningDew Premium Potatoes,Produce,1kg,4.87,vegetarian;vegan;healthy;gluten_free,Shop MorningDew Premium Potatoes (1kg). Keywords: produce potatoes morningdew premium. Perfect for everyday meals and snacks.,GROC_0327;GROC_1006
GROC_0424,OrganicLife Fresh Capsicum,Produce,1 lb,10.8,vegetarian;vegan;gluten_free;organic;healthy,Shop OrganicLife Fresh Capsicum (1 lb). Keywords: produce capsicum organiclife fresh. Perfect for everyday meals and snacks.,GROC_0831
GROC_0425,Value Choice Farm Onions,Produce,1 bunch,9.11,vegetarian;vegan;healthy;gluten_free,Shop Value Choice Farm Onions (1 bunch). Keywords: produce onions value choice farm. Perfect for everyday meals and snacks.,GROC_0351;GROC_0166;GROC_0572
GROC_0426,Harvest Fresh Cabbage,Produce,1 lb,12.45,vegetarian;vegan;healthy;gluten_free,Shop Harvest Fresh Cabbage (1 lb). Keywords: produce cabbage harvest fresh. Perfect for everyday meals and snacks.,GROC_0557;GROC_0649;GROC_1070
GROC_0427,Value Choice Fresh Grapes,Produce,1 bunch,12.45,vegetarian;vegan;healthy;gluten_free,Shop Value Choice Fresh Grapes (1 bunch). Keywords: produce grapes value choice fresh. Perfect for everyday meals and snacks.,GROC_0996;GROC_0654
GROC_0428,OrganicLife Premium Oranges,Produce,1 lb,5.69,vegetarian;vegan;gluten_free;organic;healthy,Shop OrganicLife Premium Oranges (1 lb). Keywords: produce oranges organiclife premium. Perfect for everyday meals and snacks.,GROC_0635;GROC_0470;GROC_0696
GROC_0429,Premium Select Farm Capsicum,Produce,500g,5.94,vegetarian;vegan;healthy;gluten_free,Shop Premium Select Farm Capsicum (500g). Keywords: produce capsicum premium select farm. Perfect for everyday meals and snacks.,GROC_0053;GROC_0757
GROC_0430,SunKissed Organic Garlic,Produce,1kg,3.22,vegetarian;vegan;gluten_free;organic;healthy,Shop SunKissed Organic Garlic (1kg). Keywords: produce garlic sunkissed organic. Perfect for everyday meals and snacks.,GROC_1094;GROC_0605
GROC_0431,Premium Select Ginger,Produce,500g,12.64,vegetarian;vegan;healthy;gluten_free,Shop Premium Select Ginger (500g). Keywords: produce ginger premium select . Perfect for everyday meals and snacks.,GROC_0150;GROC_0453;GROC_0733
GROC_0432,Premium Select Organic Cucumber,Produce,2 lbs,2.27,vegetarian;vegan;gluten_free;organic;healthy,Shop Premium Select Organic Cucumber (2 lbs). Keywords: produce cucumber premium select organic. Perfect for everyday meals and snacks.,GROC_0941;GROC_0374;GROC_1090
GROC_0433,OrganicLife Local Cauliflower,Produce,2 lbs,3.08,vegetarian;vegan;gluten_free;organic;healthy,Shop OrganicLife Local Cauliflower (2 lbs). Keywords: produce cauliflower organiclife local. Perfect for everyday meals and snacks.,GROC_0084;GROC_0135;GROC_1097
GROC_0434,FarmFresh Organic Grapes,Produce,1 piece,8.22,vegetarian;vegan;gluten_free;organic;healthy,Shop FarmFresh Organic Grapes (1 piece). Keywords: produce grapes farmfresh organic. Perfect for everyday meals and snacks.,GROC_0317;GROC_0476;GROC_0549
GROC_0435,Gold Standard Organic Capsicum,Produce,2 lbs,14.09,vegetarian;vegan;gluten_free;organic;healthy,Shop Gold Standard Organic Capsicum (2 lbs). Keywords: produce capsicum gold standard organic. Perfect for everyday meals and snacks.,GROC_0079;GROC_0672;GROC_1001
GROC_0436,OrganicLife Premium Potatoes,Produce,1kg,2.38,vegetarian;vegan;gluten_free;organic;healthy,Shop OrganicLife Premium Potatoes (1kg). Keywords: produce potatoes organiclife premium. Perfect for everyday meals and snacks.,GROC_0819;GROC_0156;GROC_1001
GROC_0437,GreenValley Organic Oranges,Produce,1 piece,10.38,vegetarian;vegan;gluten_free;organic;healthy,Shop GreenValley Organic Oranges (1 piece). Keywords: produce oranges greenvalley organic. Perfect for everyday meals and snacks.,GROC_0514;GROC_0856;GROC_0186
GROC_0438,Harvest Local Apples,Produce,500g,11.58,vegetarian;vegan;healthy;gluten_free,Shop Harvest Local Apples (500g). Keywords: produce apples harvest local. Perfect for everyday meals and snacks.,GROC_0402;GROC_0756;GROC_1050
GROC_0439,Harvest Local Watermelon,Produce,1 bunch,10.45,vegetarian;vegan;healthy;gluten_free,Shop Harvest Local Watermelon (1 bunch). Keywords: produce watermelon harvest local. Perfect for everyday meals and snacks.,GROC_0907
GROC_0440,Harvest Fresh Watermelon,Produce,2 lbs,11.51,vegetarian;vegan;healthy;gluten_free,Shop Harvest Fresh Watermelon (2 lbs). Keywords: produce watermelon harvest fresh. Perfect for everyday meals and snacks.,GROC_0159;GROC_0094;GROC_1060
GROC_0441,Value Choice Gourmet Whole Wheat Bread,Bakery,1 dozen,2.28,contains_gluten,Shop Value Choice Gourmet Whole Wheat Bread (1 dozen). Keywords: bakery whole wheat bread value choice gourmet. Perfect for everyday meals and snacks.,GROC_0236
GROC_0442,Value Choice Gourmet Bagels,Bakery,1 piece,7.28,contains_gluten,Shop Value Choice Gourmet Bagels (1 piece). Keywords: bakery bagels value choice gourmet. Perfect for everyday meals and snacks.,GROC_0994;GROC_0464
GROC_0443,Essential Gluten-Free Multigrain Bread,Bakery,1 dozen,4.26,gluten_free,Shop Essential Gluten-Free Multigrain Bread (1 dozen). Keywords: bakery multigrain bread essential gluten-free. Perfect for everyday meals and snacks.,GROC_1005;GROC_1019
GROC_0444,Nature's Best Freshly Baked Pav,Bakery,400g,9.76,contains_gluten,Shop Nature's Best Freshly Baked Pav (400g). Keywords: bakery pav nature's best freshly baked. Perfect for everyday meals and snacks.,GROC_0105
GROC_0445,Value Choice Cakes,Bakery,6 pack,9.83,contains_gluten,Shop Value Choice Cakes (6 pack). Keywords: bakery cakes value choice . Perfect for everyday meals and snacks.,GROC_0484
GROC_0446,Value Choice Freshly Baked Pav,Bakery,1 dozen,3.1,contains_gluten,Shop Value Choice Freshly Baked Pav (1 dozen). Keywords: bakery pav value choice freshly baked. Perfect for everyday meals and snacks.,GROC_0972;GROC_0837;GROC_0666
GROC_0447,GreenValley Gluten-Free Pizza Base,Bakery,1 piece,7.17,gluten_free,Shop GreenValley Gluten-Free Pizza Base (1 piece). Keywords: bakery pizza base greenvalley gluten-free. Perfect for everyday meals and snacks.,GROC_0211;GROC_0931;GROC_0742
GROC_0448,PureHarvest Freshly Baked White Bread,Bakery,1 pack,12.77,contains_gluten,Shop PureHarvest Freshly Baked White Bread (1 pack). Keywords: bakery white bread pureharvest freshly baked. Perfect for everyday meals and snacks.,GROC_0806;GROC_0056
GROC_0449,OrganicLife Muffins,Bakery,6 pack,5.77,organic;contains_gluten,Shop OrganicLife Muffins (6 pack). Keywords: bakery muffins organiclife . Perfect for everyday meals and snacks.,GROC_0187;GROC_0821;GROC_0855
GROC_0450,Gold Standard Artisan Burger Buns,Bakery,400g,6.46,contains_gluten,Shop Gold Standard Artisan Burger Buns (400g). Keywords: bakery burger buns gold standard artisan. Perfect for everyday meals and snacks.,GROC_0396
GROC_0451,Everyday Basics Artisan Rusk,Bakery,1 pack,12.37,contains_gluten,Shop Everyday Basics Artisan Rusk (1 pack). Keywords: bakery rusk everyday basics artisan. Perfect for everyday meals and snacks.,GROC_0714;GROC_0061;GROC_0701
GROC_0452,Premium Select Rusk,Bakery,1 pack,9.2,contains_gluten,Shop Premium Select Rusk (1 pack). Keywords: bakery rusk premium select . Perfect for everyday meals and snacks.,GROC_0351;GROC_0666
GROC_0453,PureHarvest Artisan Multigrain Bread,Bakery,1 dozen,12.98,contains_gluten,Shop PureHarvest Artisan Multigrain Bread (1 dozen). Keywords: bakery multigrain bread pureharvest artisan. Perfect for everyday meals and snacks.,GROC_0304;GROC_0818;GROC_0435
GROC_0454,Harvest Artisan Cakes,Bakery,400g,11.71,contains_gluten,Shop Harvest Artisan Cakes (400g). Keywords: bakery cakes harvest artisan. Perfect for everyday meals and snacks.,GROC_1048;GROC_1014;GROC_0568
GROC_0455,Daily Delight Freshly Baked Burger Buns,Bakery,1 piece,6.45,contains_gluten,Shop Daily Delight Freshly Baked Burger Buns (1 piece). Keywords: bakery burger buns daily delight freshly baked. Perfect for everyday meals and snacks.,GROC_0053
GROC_0456,OrganicLife Gourmet Cookies,Bakery,1 piece,16.72,organic;contains_gluten,Shop OrganicLife Gourmet Cookies (1 piece). Keywords: bakery cookies organiclife gourmet. Perfect for everyday meals and snacks.,GROC_1051
GROC_0457,Chef's Choice Freshly Baked Pav,Bakery,6 pack,9.15,contains_gluten,Shop Chef's Choice Freshly Baked Pav (6 pack). Keywords: bakery pav chef's choice freshly baked. Perfect for everyday meals and snacks.,GROC_0180;GROC_0961
GROC_0458,Essential Gourmet Cookies,Bakery,1 pack,6.35,contains_gluten,Shop Essential Gourmet Cookies (1 pack). Keywords: bakery cookies essential gourmet. Perfect for everyday meals and snacks.,GROC_0380;GROC_0723
GROC_0459,OrganicLife Gourmet Rusk,Bakery,1 pack,3.27,organic;contains_gluten,Shop OrganicLife Gourmet Rusk (1 pack). Keywords: bakery rusk organiclife gourmet. Perfect for everyday meals and snacks.,GROC_0023;GROC_0282
GROC_0460,Chef's Choice Freshly Baked Pizza Base,Bakery,1 dozen,7.86,contains_gluten,Shop Chef's Choice Freshly Baked Pizza Base (1 dozen). Keywords: bakery pizza base chef's choice freshly baked. Perfect for everyday meals and snacks.,GROC_0086;GROC_0088
GROC_0461,Daily Delight Gourmet Multigrain Bread,Bakery,400g,6.29,contains_gluten,Shop Daily Delight Gourmet Multigrain Bread (400g). Keywords: bakery multigrain bread daily delight gourmet. Perfect for everyday meals and snacks.,GROC_1074;GROC_0995
GROC_0462,Premium Select Gluten-Free Cakes,Bakery,1 dozen,2.91,gluten_free,Shop Premium Select Gluten-Free Cakes (1 dozen). Keywords: bakery cakes premium select gluten-free. Perfect for everyday meals and snacks.,GROC_0386;GROC_0333
GROC_0463,Gold Standard Gluten-Free Donuts,Bakery,1 pack,2.57,gluten_free,Shop Gold Standard Gluten-Free Donuts (1 pack). Keywords: bakery donuts gold standard gluten-free. Perfect for everyday meals and snacks.,GROC_0448
GROC_0464,Gold Standard Croissants,Bakery,1 dozen,7.7,contains_gluten,Shop Gold Standard Croissants (1 dozen). Keywords: bakery croissants gold standard . Perfect for everyday meals and snacks.,GROC_0850;GROC_0229
GROC_0465,MorningDew Cakes,Bakery,400g,5.74,contains_gluten,Shop MorningDew Cakes (400g). Keywords: bakery cakes morningdew . Perfect for everyday meals and snacks.,GROC_0623;GROC_0370
GROC_0466,FarmFresh Gourmet Pizza Base,Bakery,6 pack,1.87,contains_gluten,Shop FarmFresh Gourmet Pizza Base (6 pack). Keywords: bakery pizza base farmfresh gourmet. Perfect for everyday meals and snacks.,GROC_0516;GROC_0350;GROC_0020
GROC_0467,OrganicLife Gourmet Croissants,Bakery,1 pack,18.09,organic;contains_gluten,Shop OrganicLife Gourmet Croissants (1 pack). Keywords: bakery croissants organiclife gourmet. Perfect for everyday meals and snacks.,GROC_1023
GROC_0468,Harvest White Bread,Bakery,1 piece,4.44,contains_gluten,Shop Harvest White Bread (1 piece). Keywords: bakery white bread harvest . Perfect for everyday meals and snacks.,GROC_0316;GROC_0244;GROC_0920
GROC_0469,MorningDew Gluten-Free Multigrain Bread,Bakery,6 pack,5.48,gluten_free,Shop MorningDew Gluten-Free Multigrain Bread (6 pack). Keywords: bakery multigrain bread morningdew gluten-free. Perfect for everyday meals and snacks.,GROC_0588;GROC_0006;GROC_0016
GROC_0470,Gold Standard Gluten-Free Croissants,Bakery,1 piece,1.95,gluten_free,Shop Gold Standard Gluten-Free Croissants (1 piece). Keywords: bakery croissants gold standard gluten-free. Perfect for everyday meals and snacks.,GROC_0271
GROC_0471,Essential Freshly Baked Cakes,Bakery,1 dozen,8.83,contains_gluten,Shop Essential Freshly Baked Cakes (1 dozen). Keywords: bakery cakes essential freshly baked. Perfect for everyday meals and snacks.,GROC_0245;GROC_0990
GROC_0472,Nature's Best Gourmet Bagels,Bakery,6 pack,5.71,contains_gluten,Shop Nature's Best Gourmet Bagels (6 pack). Keywords: bakery bagels nature's best gourmet. Perfect for everyday meals and snacks.,GROC_0780;GROC_1040;GROC_0053
GROC_0473,SunKissed Multigrain Bread,Bakery,6 pack,10.06,contains_gluten,Shop SunKissed Multigrain Bread (6 pack). Keywords: bakery multigrain bread sunkissed . Perfect for everyday meals and snacks.,GROC_0973;GROC_0483
GROC_0474,Gold Standard Gluten-Free Hot Dog Buns,Bakery,1 dozen,7.37,gluten_free,Shop Gold Standard Gluten-Free Hot Dog Buns (1 dozen). Keywords: bakery hot dog buns gold standard gluten-free. Perfect for everyday meals and snacks.,GROC_0861
GROC_0475,Premium Select Gluten-Free Pizza Base,Bakery,6 pack,7.2,gluten_free,Shop Premium Select Gluten-Free Pizza Base (6 pack). Keywords: bakery pizza base premium select gluten-free. Perfect for everyday meals and snacks.,GROC_0205;GROC_0104;GROC_0024
GROC_0476,Premium Select Hot Dog Buns,Bakery,1 pack,14.99,contains_gluten,Shop Premium Select Hot Dog Buns (1 pack). Keywords: bakery hot dog buns premium select . Perfect for everyday meals and snacks.,GROC_0087;GROC_0171;GROC_0067
GROC_0477,Everyday Basics Freshly Baked Croissants,Bakery,1 pack,3.46,contains_gluten,Shop Everyday Basics Freshly Baked Croissants (1 pack). Keywords: bakery croissants everyday basics freshly baked. Perfect for everyday meals and snacks.,GROC_0344
GROC_0478,Everyday Basics Gluten-Free White Bread,Bakery,1 pack,8.16,gluten_free,Shop Everyday Basics Gluten-Free White Bread (1 pack). Keywords: bakery white bread everyday basics gluten-free. Perfect for everyday meals and snacks.,GROC_0679
GROC_0479,Essential Freshly Baked Rusk,Bakery,1 pack,9.88,contains_gluten,Shop Essential Freshly Baked Rusk (1 pack). Keywords: bakery rusk essential freshly baked. Perfect for everyday meals and snacks.,GROC_1099;GROC_0399;GROC_0237
GROC_0480,Gold Standard Gourmet Croissants,Bakery,6 pack,3.6,contains_gluten,Shop Gold Standard Gourmet Croissants (6 pack). Keywords: bakery croissants gold standard gourmet. Perfect for everyday meals and snacks.,GROC_0731;GROC_0751;GROC_0490
GROC_0481,MorningDew Freshly Baked Pizza Base,Bakery,1 pack,7.04,contains_gluten,Shop MorningDew Freshly Baked Pizza Base (1 pack). Keywords: bakery pizza base morningdew freshly baked. Perfect for everyday meals and snacks.,GROC_0137;GROC_0179;GROC_0495
GROC_0482,Premium Select Artisan Hot Dog Buns,Bakery,1 dozen,11.09,contains_gluten,Shop Premium Select Artisan Hot Dog Buns (1 dozen). Keywords: bakery hot dog buns premium select artisan. Perfect for everyday meals and snacks.,GROC_0259
GROC_0483,GreenValley Freshly Baked Pav,Bakery,400g,4.61,contains_gluten,Shop GreenValley Freshly Baked Pav (400g). Keywords: bakery pav greenvalley freshly baked. Perfect for everyday meals and snacks.,GROC_0991;GROC_0789
GROC_0484,GreenValley Freshly Baked Multigrain Bread,Bakery,1 dozen,5.95,contains_gluten,Shop GreenValley Freshly Baked Multigrain Bread (1 dozen). Keywords: bakery multigrain bread greenvalley freshly baked. Perfect for everyday meals and snacks.,GROC_0903;GROC_0236
GROC_0485,FarmFresh Gourmet Hot Dog Buns,Bakery,1 dozen,11.55,contains_gluten,Shop FarmFresh Gourmet Hot Dog Buns (1 dozen). Keywords: bakery hot dog buns farmfresh gourmet. Perfect for everyday meals and snacks.,GROC_0760;GROC_0798
GROC_0486,GreenValley Gourmet Multigrain Bread,Bakery,1 piece,6.94,contains_gluten,Shop GreenValley Gourmet Multigrain Bread (1 piece). Keywords: bakery multigrain bread greenvalley gourmet. Perfect for everyday meals and snacks.,GROC_0617;GROC_0708
GROC_0487,GreenValley Gourmet Bagels,Bakery,1 piece,4.81,contains_gluten,Shop GreenValley Gourmet Bagels (1 piece). Keywords: bakery bagels greenvalley gourmet. Perfect for everyday meals and snacks.,GROC_0619
GROC_0488,PureHarvest Artisan Croissants,Bakery,6 pack,7.71,contains_gluten,Shop PureHarvest Artisan Croissants (6 pack). Keywords: bakery croissants pureharvest artisan. Perfect for everyday meals and snacks.,GROC_0307
GROC_0489,Premium Select Freshly Baked Pizza Base,Bakery,400g,14.92,contains_gluten,Shop Premium Select Freshly Baked Pizza Base (400g). Keywords: bakery pizza base premium select freshly baked. Perfect for everyday meals and snacks.,GROC_0079;GROC_0285
GROC_0490,Chef's Choice Gluten-Free Whole Wheat Bread,Bakery,1 piece,7.68,gluten_free,Shop Chef's Choice Gluten-Free Whole Wheat Bread (1 piece). Keywords: bakery whole wheat bread chef's choice gluten-free. Perfect for everyday meals and snacks.,GROC_0048;GROC_0847;GROC_0114
GROC_0491,OrganicLife Gluten-Free Burger Buns,Bakery,1 pack,15.62,organic;gluten_free,Shop OrganicLife Gluten-Free Burger Buns (1 pack). Keywords: bakery burger buns organiclife gluten-free. Perfect for everyday meals and snacks.,GROC_0810;GROC_0624;GROC_0305
GROC_0492,Chef's Choice White Bread,Bakery,6 pack,4.21,contains_gluten,Shop Chef's Choice White Bread (6 pack). Keywords: bakery white bread chef's choice . Perfect for everyday meals and snacks.,GROC_0104
GROC_0493,Everyday Basics Cakes,Bakery,1 dozen,11.47,contains_gluten,Shop Everyday Basics Cakes (1 dozen). Keywords: bakery cakes everyday basics . Perfect for everyday meals and snacks.,GROC_0589;GROC_0884
GROC_0494,MorningDew Gourmet Burger Buns,Bakery,1 dozen,3.59,contains_gluten,Shop MorningDew Gourmet Burger Buns (1 dozen). Keywords: bakery burger buns morningdew gourmet. Perfect for everyday meals and snacks.,GROC_0638
GROC_0495,Essential Artisan Burger Buns,Bakery,400g,17.46,contains_gluten,Shop Essential Artisan Burger Buns (400g). Keywords: bakery burger buns essential artisan. Perfect for everyday meals and snacks.,GROC_0888;GROC_0925
GROC_0496,Premium Select Whole Wheat Bread,Bakery,6 pack,13.93,contains_gluten,Shop Premium Select Whole Wheat Bread (6 pack). Keywords: bakery whole wheat bread premium select . Perfect for everyday meals and snacks.,GROC_1035;GROC_1030
GROC_0497,Gold Standard Gourmet Pav,Bakery,6 pack,9.44,contains_gluten,Shop Gold Standard Gourmet Pav (6 pack). Keywords: bakery pav gold standard gourmet. Perfect for everyday meals and snacks.,GROC_0030;GROC_1066;GROC_0523
GROC_0498,Harvest Gourmet Croissants,Bakery,6 pack,4.85,contains_gluten,Shop Harvest Gourmet Croissants (6 pack). Keywords: bakery croissants harvest gourmet. Perfect for everyday meals and snacks.,GROC_0882;GROC_0753;GROC_0828
GROC_0499,PureHarvest Gourmet Hot Dog Buns,Bakery,1 piece,8.77,contains_gluten,Shop PureHarvest Gourmet Hot Dog Buns (1 piece). Keywords: bakery hot dog buns pureharvest gourmet. Perfect for everyday meals and snacks.,GROC_0263;GROC_0466;GROC_0854
GROC_0500,Value Choice Gourmet Hot Dog Buns,Bakery,400g,11.58,contains_gluten,Shop Value Choice Gourmet Hot Dog Buns (400g). Keywords: bakery hot dog buns value choice gourmet. Perfect for everyday meals and snacks.,GROC_0811
GROC_0501,Nature's Best Artisan Muffins,Bakery,1 piece,16.75,contains_gluten,Shop Nature's Best Artisan Muffins (1 piece). Keywords: bakery muffins nature's best artisan. Perfect for everyday meals and snacks.,GROC_0328;GROC_0666;GROC_0145
GROC_0502,OrganicLife Bagels,Bakery,1 piece,10.84,organic;contains_gluten,Shop OrganicLife Bagels (1 piece). Keywords: bakery bagels organiclife . Perfect for everyday meals and snacks.,GROC_0975;GROC_0966;GROC_0919
GROC_0503,SunKissed Burger Buns,Bakery,6 pack,4.12,contains_gluten,Shop SunKissed Burger Buns (6 pack). Keywords: bakery burger buns sunkissed . Perfect for everyday meals and snacks.,GROC_0705
GROC_0504,Everyday Basics Artisan Cookies,Bakery,1 piece,3.95,contains_gluten,Shop Everyday Basics Artisan Cookies (1 piece). Keywords: bakery cookies everyday basics artisan. Perfect for everyday meals and snacks.,GROC_0328
GROC_0505,Premium Select Gourmet Bagels,Bakery,1 piece,15.39,contains_gluten,Shop Premium Select Gourmet Bagels (1 piece). Keywords: bakery bagels premium select gourmet. Perfect for everyday meals and snacks.,GROC_0022
GROC_0506,Chef's Choice Artisan Muffins,Bakery,400g,14.21,contains_gluten,Shop Chef's Choice Artisan Muffins (400g). Keywords: bakery muffins chef's choice artisan. Perfect for everyday meals and snacks.,GROC_0938;GROC_0414;GROC_0503
GROC_0507,SunKissed Gluten-Free Muffins,Bakery,1 piece,3.01,gluten_free,Shop SunKissed Gluten-Free Muffins (1 piece). Keywords: bakery muffins sunkissed gluten-free. Perfect for everyday meals and snacks.,GROC_1023;GROC_0547
GROC_0508,OrganicLife Freshly Baked Pav,Bakery,6 pack,13.49,organic;contains_gluten,Shop OrganicLife Freshly Baked Pav (6 pack). Keywords: bakery pav organiclife freshly baked. Perfect for everyday meals and snacks.,GROC_0372;GROC_0632;GROC_0565
GROC_0509,Daily Delight Muffins,Bakery,1 dozen,7.28,contains_gluten,Shop Daily Delight Muffins (1 dozen). Keywords: bakery muffins daily delight . Perfect for everyday meals and snacks.,GROC_0965;GROC_0141
GROC_0510,Essential Pizza Base,Bakery,1 pack,10.16,contains_gluten,Shop Essential Pizza Base (1 pack). Keywords: bakery pizza base essential . Perfect for everyday meals and snacks.,GROC_0401
GROC_0511,Daily Delight Croissants,Bakery,6 pack,9.48,contains_gluten,Shop Daily Delight Croissants (6 pack). Keywords: bakery croissants daily delight . Perfect for everyday meals and snacks.,GROC_0856;GROC_1095;GROC_0561
GROC_0512,Premium Select Gluten-Free Whole Wheat Bread,Bakery,1 dozen,7.66,gluten_free,Shop Premium Select Gluten-Free Whole Wheat Bread (1 dozen). Keywords: bakery whole wheat bread premium select gluten-free. Perfect for everyday meals and snacks.,GROC_0379;GROC_0742;GROC_0889
GROC_0513,GreenValley Gluten-Free Cookies,Bakery,1 dozen,8.9,gluten_free,Shop GreenValley Gluten-Free Cookies (1 dozen). Keywords: bakery cookies greenvalley gluten-free. Perfect for everyday meals and snacks.,GROC_0178;GROC_0158
GROC_0514,FarmFresh Gourmet Whole Wheat Bread,Bakery,1 dozen,5.93,contains_gluten,Shop FarmFresh Gourmet Whole Wheat Bread (1 dozen). Keywords: bakery whole wheat bread farmfresh gourmet. Perfect for everyday meals and snacks.,GROC_1008;GROC_0583;GROC_0278
GROC_0515,Chef's Choice Gourmet Whole Wheat Bread,Bakery,400g,12.72,contains_gluten,Shop Chef's Choice Gourmet Whole Wheat Bread (400g). Keywords: bakery whole wheat bread chef's choice gourmet. Perfect for everyday meals and snacks.,GROC_0048;GROC_0683;GROC_0391
GROC_0516,Chef's Choice Freshly Baked Whole Wheat Bread,Bakery,1 piece,2.27,contains_gluten,Shop Chef's Choice Freshly Baked Whole Wheat Bread (1 piece). Keywords: bakery whole wheat bread chef's choice freshly baked. Perfect for everyday meals and snacks.,GROC_0042;GROC_0432;GROC_0435
GROC_0517,Chef's Choice Freshly Baked White Bread,Bakery,6 pack,3.29,contains_gluten,Shop Chef's Choice Freshly Baked White Bread (6 pack). Keywords: bakery white bread chef's choice freshly baked. Perfect for everyday meals and snacks.,GROC_0592
GROC_0518,Value Choice Artisan Donuts,Bakery,400g,14.74,contains_gluten,Shop Value Choice Artisan Donuts (400g). Keywords: bakery donuts value choice artisan. Perfect for everyday meals and snacks.,GROC_1072;GROC_0374
GROC_0519,OrganicLife Gluten-Free White Bread,Bakery,1 piece,10.88,organic;gluten_free,Shop OrganicLife Gluten-Free White Bread (1 piece). Keywords: bakery white bread organiclife gluten-free. Perfect for everyday meals and snacks.,GROC_0862;GROC_0827;GROC_0063
GROC_0520,Essential Cakes,Bakery,1 pack,5.85,contains_gluten,Shop Essential Cakes (1 pack). Keywords: bakery cakes essential . Perfect for everyday meals and snacks.,GROC_0997;GROC_0657
GROC_0521,Chef's Choice Croissants,Bakery,1 piece,8.63,contains_gluten,Shop Chef's Choice Croissants (1 piece). Keywords: bakery croissants chef's choice . Perfect for everyday meals and snacks.,GROC_0829
GROC_0522,Daily Delight Gluten-Free Rusk,Bakery,1 pack,11.13,gluten_free,Shop Daily Delight Gluten-Free Rusk (1 pack). Keywords: bakery rusk daily delight gluten-free. Perfect for everyday meals and snacks.,GROC_0573
GROC_0523,MorningDew Gourmet Cakes,Bakery,400g,12.72,contains_gluten,Shop MorningDew Gourmet Cakes (400g). Keywords: bakery cakes morningdew gourmet. Perfect for everyday meals and snacks.,GROC_0686;GROC_0019
GROC_0524,Premium Select Gluten-Free Burger Buns,Bakery,1 dozen,5.94,gluten_free,Shop Premium Select Gluten-Free Burger Buns (1 dozen). Keywords: bakery burger buns premium select gluten-free. Perfect for everyday meals and snacks.,GROC_0560;GROC_0855;GROC_0632
GROC_0525,GreenValley Gourmet White Bread,Bakery,400g,7.75,contains_gluten,Shop GreenValley Gourmet White Bread (400g). Keywords: bakery white bread greenvalley gourmet. Perfect for everyday meals and snacks.,GROC_0527;GROC_0422;GROC_0829
GROC_0526,Daily Delight Whole Wheat Bread,Bakery,400g,12.53,contains_gluten,Shop Daily Delight Whole Wheat Bread (400g). Keywords: bakery whole wheat bread daily delight . Perfect for everyday meals and snacks.,GROC_0967
GROC_0527,Daily Delight Cookies,Bakery,1 piece,4.58,contains_gluten,Shop Daily Delight Cookies (1 piece). Keywords: bakery cookies daily delight . Perfect for everyday meals and snacks.,GROC_0539
GROC_0528,Premium Select Gluten-Free Cookies,Bakery,1 dozen,12.76,gluten_free,Shop Premium Select Gluten-Free Cookies (1 dozen). Keywords: bakery cookies premium select gluten-free. Perfect for everyday meals and snacks.,GROC_0996
GROC_0529,OrganicLife Freshly Baked Donuts,Bakery,1 piece,14.67,organic;contains_gluten,Shop OrganicLife Freshly Baked Donuts (1 piece). Keywords: bakery donuts organiclife freshly baked. Perfect for everyday meals and snacks.,GROC_0240
GROC_0530,SunKissed Gourmet Rusk,Bakery,1 pack,9.94,contains_gluten,Shop SunKissed Gourmet Rusk (1 pack). Keywords: bakery rusk sunkissed gourmet. Perfect for everyday meals and snacks.,GROC_0104;GROC_0482;GROC_0276
GROC_0531,FarmFresh Gluten-Free Bagels,Bakery,1 pack,3.78,gluten_free,Shop FarmFresh Gluten-Free Bagels (1 pack). Keywords: bakery bagels farmfresh gluten-free. Perfect for everyday meals and snacks.,GROC_0132
GROC_0532,OrganicLife Gourmet White Bread,Bakery,1 dozen,17.43,organic;contains_gluten,Shop OrganicLife Gourmet White Bread (1 dozen). Keywords: bakery white bread organiclife gourmet. Perfect for everyday meals and snacks.,GROC_0598;GROC_0470
GROC_0533,MorningDew Croissants,Bakery,400g,8.6,contains_gluten,Shop MorningDew Croissants (400g). Keywords: bakery croissants morningdew . Perfect for everyday meals and snacks.,GROC_0131;GROC_0573
GROC_0534,Gold Standard Freshly Baked Pav,Bakery,1 piece,5.26,contains_gluten,Shop Gold Standard Freshly Baked Pav (1 piece). Keywords: bakery pav gold standard freshly baked. Perfect for everyday meals and snacks.,GROC_0736;GROC_0994
GROC_0535,PureHarvest Gourmet Croissants,Bakery,6 pack,8.92,contains_gluten,Shop PureHarvest Gourmet Croissants (6 pack). Keywords: bakery croissants pureharvest gourmet. Perfect for everyday meals and snacks.,GROC_0803;GROC_0598;GROC_0422
GROC_0536,MorningDew Artisan White Bread,Bakery,1 dozen,14.79,contains_gluten,Shop MorningDew Artisan White Bread (1 dozen). Keywords: bakery white bread morningdew artisan. Perfect for everyday meals and snacks.,GROC_1060;GROC_0798
GROC_0537,Nature's Best Artisan Rusk,Bakery,1 pack,3.98,contains_gluten,Shop Nature's Best Artisan Rusk (1 pack). Keywords: bakery rusk nature's best artisan. Perfect for everyday meals and snacks.,GROC_0962;GROC_1082
GROC_0538,MorningDew Gluten-Free Rusk,Bakery,6 pack,4.79,gluten_free,Shop MorningDew Gluten-Free Rusk (6 pack). Keywords: bakery rusk morningdew gluten-free. Perfect for everyday meals and snacks.,GROC_0046;GROC_0761;GROC_0129
GROC_0539,Nature's Best Artisan White Bread,Bakery,1 pack,8.86,contains_gluten,Shop Nature's Best Artisan White Bread (1 pack). Keywords: bakery white bread nature's best artisan. Perfect for everyday meals and snacks.,GROC_0058
GROC_0540,Daily Delight Gluten-Free White Bread,Bakery,1 piece,7.67,gluten_free,Shop Daily Delight Gluten-Free White Bread (1 piece). Keywords: bakery white bread daily delight gluten-free. Perfect for everyday meals and snacks.,GROC_0488
GROC_0541,PureHarvest Donuts,Bakery,1 pack,2.07,contains_gluten,Shop PureHarvest Donuts (1 pack). Keywords: bakery donuts pureharvest . Perfect for everyday meals and snacks.,GROC_0550
GROC_0542,Nature's Best Gourmet Donuts,Bakery,1 dozen,10.4,contains_gluten,Shop Nature's Best Gourmet Donuts (1 dozen). Keywords: bakery donuts nature's best gourmet. Perfect for everyday meals and snacks.,GROC_0785
GROC_0543,PureHarvest Artisan Pizza Base,Bakery,1 pack,8.34,contains_gluten,Shop PureHarvest Artisan Pizza Base (1 pack). Keywords: bakery pizza base pureharvest artisan. Perfect for everyday meals and snacks.,GROC_0893
GROC_0544,Chef's Choice Gluten-Free Cookies,Bakery,6 pack,3.02,gluten_free,Shop Chef's Choice Gluten-Free Cookies (6 pack). Keywords: bakery cookies chef's choice gluten-free. Perfect for everyday meals and snacks.,GROC_0973;GROC_0042;GROC_0817
GROC_0545,Value Choice Gluten-Free Hot Dog Buns,Bakery,400g,2.74,gluten_free,Shop Value Choice Gluten-Free Hot Dog Buns (400g). Keywords: bakery hot dog buns value choice gluten-free. Perfect for everyday meals and snacks.,GROC_1030;GROC_0741
GROC_0546,PureHarvest Gluten-Free Multigrain Bread,Bakery,400g,4.59,gluten_free,Shop PureHarvest Gluten-Free Multigrain Bread (400g). Keywords: bakery multigrain bread pureharvest gluten-free. Perfect for everyday meals and snacks.,GROC_0403
GROC_0547,Nature's Best Artisan Pav,Bakery,400g,17.25,contains_gluten,Shop Nature's Best Artisan Pav (400g). Keywords: bakery pav nature's best artisan. Perfect for everyday meals and snacks.,GROC_0310;GROC_0825
GROC_0548,GreenValley Gourmet Rusk,Bakery,1 piece,8.39,contains_gluten,Shop GreenValley Gourmet Rusk (1 piece). Keywords: bakery rusk greenvalley gourmet. Perfect for everyday meals and snacks.,GROC_0938;GROC_0006
GROC_0549,PureHarvest Gourmet Whole Wheat Bread,Bakery,400g,5.55,contains_gluten,Shop PureHarvest Gourmet Whole Wheat Bread (400g). Keywords: bakery whole wheat bread pureharvest gourmet. Perfect for everyday meals and snacks.,GROC_0833;GROC_0341
GROC_0550,OrganicLife Artisan Pizza Base,Bakery,1 piece,8.62,organic;contains_gluten,Shop OrganicLife Artisan Pizza Base (1 piece). Keywords: bakery pizza base organiclife artisan. Perfect for everyday meals and snacks.,GROC_0279;GROC_0053;GROC_0040
GROC_0551,Essential Freshly Baked Pizza Base,Bakery,1 dozen,4.6,contains_gluten,Shop Essential Freshly Baked Pizza Base (1 dozen). Keywords: bakery pizza base essential freshly baked. Perfect for everyday meals and snacks.,GROC_0174
GROC_0552,SunKissed Gluten-Free Cookies,Bakery,6 pack,4.76,gluten_free,Shop SunKissed Gluten-Free Cookies (6 pack). Keywords: bakery cookies sunkissed gluten-free. Perfect for everyday meals and snacks.,GROC_0056;GROC_0145;GROC_0840
GROC_0553,OrganicLife Gluten-Free Croissants,Bakery,400g,17.64,organic;gluten_free,Shop OrganicLife Gluten-Free Croissants (400g). Keywords: bakery croissants organiclife gluten-free. Perfect for everyday meals and snacks.,GROC_0711;GROC_0171
GROC_0554,Premium Select Gluten-Free Pav,Bakery,400g,6.1,gluten_free,Shop Premium Select Gluten-Free Pav (400g). Keywords: bakery pav premium select gluten-free. Perfect for everyday meals and snacks.,GROC_0797
GROC_0555,PureHarvest Pav,Bakery,400g,12.17,contains_gluten,Shop PureHarvest Pav (400g). Keywords: bakery pav pureharvest . Perfect for everyday meals and snacks.,GROC_0904
GROC_0556,Everyday Basics Freshly Baked Burger Buns,Bakery,1 dozen,9.17,contains_gluten,Shop Everyday Basics Freshly Baked Burger Buns (1 dozen). Keywords: bakery burger buns everyday basics freshly baked. Perfect for everyday meals and snacks.,GROC_0781;GROC_0681;GROC_0606
GROC_0557,FarmFresh Freshly Baked Donuts,Bakery,1 piece,6.25,contains_gluten,Shop FarmFresh Freshly Baked Donuts (1 piece). Keywords: bakery donuts farmfresh freshly baked. Perfect for everyday meals and snacks.,GROC_0795;GROC_0826;GROC_0563
GROC_0558,Essential Gluten-Free Hot Dog Buns,Bakery,1 pack,9.07,gluten_free,Shop Essential Gluten-Free Hot Dog Buns (1 pack). Keywords: bakery hot dog buns essential gluten-free. Perfect for everyday meals and snacks.,GROC_0158;GROC_0630
GROC_0559,GreenValley Gluten-Free Hot Dog Buns,Bakery,6 pack,10.46,gluten_free,Shop GreenValley Gluten-Free Hot Dog Buns (6 pack). Keywords: bakery hot dog buns greenvalley gluten-free. Perfect for everyday meals and snacks.,GROC_0367;GROC_0991
GROC_0560,Gold Standard Gluten-Free White Bread,Bakery,1 dozen,7.98,gluten_free,Shop Gold Standard Gluten-Free White Bread (1 dozen). Keywords: bakery white bread gold standard gluten-free. Perfect for everyday meals and snacks.,GROC_0570;GROC_0413
GROC_0561,Chef's Choice Gourmet Donuts,Bakery,1 piece,1.43,contains_gluten,Shop Chef's Choice Gourmet Donuts (1 piece). Keywords: bakery donuts chef's choice gourmet. Perfect for everyday meals and snacks.,GROC_0346;GROC_0087
GROC_0562,SunKissed Gourmet Bagels,Bakery,1 dozen,8.65,contains_gluten,Shop SunKissed Gourmet Bagels (1 dozen). Keywords: bakery bagels sunkissed gourmet. Perfect for everyday meals and snacks.,GROC_0445
GROC_0563,GreenValley Multigrain Bread,Bakery,1 dozen,7.75,contains_gluten,Shop GreenValley Multigrain Bread (1 dozen). Keywords: bakery multigrain bread greenvalley . Perfect for everyday meals and snacks.,GROC_0566;GROC_0649;GROC_0165
GROC_0564,GreenValley Artisan Cakes,Bakery,1 piece,17.61,contains_gluten,Shop GreenValley Artisan Cakes (1 piece). Keywords: bakery cakes greenvalley artisan. Perfect for everyday meals and snacks.,GROC_0775;GROC_0663;GROC_0866
GROC_0565,Nature's Best Croissants,Bakery,1 pack,4.09,contains_gluten,Shop Nature's Best Croissants (1 pack). Keywords: bakery croissants nature's best . Perfect for everyday meals and snacks.,GROC_0133
GROC_0566,SunKissed Gourmet Donuts,Bakery,1 dozen,7.96,contains_gluten,Shop SunKissed Gourmet Donuts (1 dozen). Keywords: bakery donuts sunkissed gourmet. Perfect for everyday meals and snacks.,GROC_0453
GROC_0567,Premium Select Artisan Cookies,Bakery,1 piece,7.96,contains_gluten,Shop Premium Select Artisan Cookies (1 piece). Keywords: bakery cookies premium select artisan. Perfect for everyday meals and snacks.,GROC_0415;GROC_0089;GROC_0154
GROC_0568,GreenValley Gourmet Pav,Bakery,1 dozen,2.8,contains_gluten,Shop GreenValley Gourmet Pav (1 dozen). Keywords: bakery pav greenvalley gourmet. Perfect for everyday meals and snacks.,GROC_0657;GROC_1088
GROC_0569,Gold Standard Artisan Whole Wheat Bread,Bakery,1 pack,8.37,contains_gluten,Shop Gold Standard Artisan Whole Wheat Bread (1 pack). Keywords: bakery whole wheat bread gold standard artisan. Perfect for everyday meals and snacks.,GROC_0857;GROC_0523;GROC_0921
GROC_0570,OrganicLife Freshly Baked Hot Dog Buns,Bakery,1 piece,10.14,organic;contains_gluten,Shop OrganicLife Freshly Baked Hot Dog Buns (1 piece). Keywords: bakery hot dog buns organiclife freshly baked. Perfect for everyday meals and snacks.,GROC_1062;GROC_1020;GROC_0298
GROC_0571,Gold Standard Gluten-Free Bagels,Bakery,1 pack,9.65,gluten_free,Shop Gold Standard Gluten-Free Bagels (1 pack). Keywords: bakery bagels gold standard gluten-free. Perfect for everyday meals and snacks.,GROC_0217;GROC_0532;GROC_0049
GROC_0572,OrganicLife Artisan Muffins,Bakery,1 pack,2.14,organic;contains_gluten,Shop OrganicLife Artisan Muffins (1 pack). Keywords: bakery muffins organiclife artisan. Perfect for everyday meals and snacks.,GROC_0687
GROC_0573,Nature's Best Freshly Baked Cakes,Bakery,6 pack,7.18,contains_gluten,Shop Nature's Best Freshly Baked Cakes (6 pack). Keywords: bakery cakes nature's best freshly baked. Perfect for everyday meals and snacks.,GROC_0407
GROC_0574,Daily Delight Gourmet Donuts,Bakery,400g,6.11,contains_gluten,Shop Daily Delight Gourmet Donuts (400g). Keywords: bakery donuts daily delight gourmet. Perfect for everyday meals and snacks.,GROC_0379
GROC_0575,Premium Select Freshly Baked Muffins,Bakery,1 piece,4.52,contains_gluten,Shop Premium Select Freshly Baked Muffins (1 piece). Keywords: bakery muffins premium select freshly baked. Perfect for everyday meals and snacks.,GROC_1084
GROC_0576,PureHarvest Cakes,Bakery,1 piece,9.84,contains_gluten,Shop PureHarvest Cakes (1 piece). Keywords: bakery cakes pureharvest . Perfect for everyday meals and snacks.,GROC_0160
GROC_0577,Gold Standard Gluten-Free Burger Buns,Bakery,1 dozen,5.66,gluten_free,Shop Gold Standard Gluten-Free Burger Buns (1 dozen). Keywords: bakery burger buns gold standard gluten-free. Perfect for everyday meals and snacks.,GROC_0581;GROC_0371;GROC_0918
GROC_0578,Premium Select Artisan Rusk,Bakery,6 pack,14.03,contains_gluten,Shop Premium Select Artisan Rusk (6 pack). Keywords: bakery rusk premium select artisan. Perfect for everyday meals and snacks.,GROC_0385;GROC_0944
GROC_0579,MorningDew Gourmet Pav,Bakery,1 pack,2.21,contains_gluten,Shop MorningDew Gourmet Pav (1 pack). Keywords: bakery pav morningdew gourmet. Perfect for everyday meals and snacks.,GROC_0236
GROC_0580,Chef's Choice Artisan Pizza Base,Bakery,6 pack,6.86,contains_gluten,Shop Chef's Choice Artisan Pizza Base (6 pack). Keywords: bakery pizza base chef's choice artisan. Perfect for everyday meals and snacks.,GROC_0035
GROC_0581,Nature's Best Gluten-Free Muffins,Bakery,400g,7.32,gluten_free,Shop Nature's Best Gluten-Free Muffins (400g). Keywords: bakery muffins nature's best gluten-free. Perfect for everyday meals and snacks.,GROC_0815
GROC_0582,OrganicLife Gluten-Free Cakes,Bakery,1 dozen,11.66,organic;gluten_free,Shop OrganicLife Gluten-Free Cakes (1 dozen). Keywords: bakery cakes organiclife gluten-free. Perfect for everyday meals and snacks.,GROC_1084;GROC_0507;GROC_0363
GROC_0583,Nature's Best Artisan Cookies,Bakery,400g,15.59,contains_gluten,Shop Nature's Best Artisan Cookies (400g). Keywords: bakery cookies nature's best artisan. Perfect for everyday meals and snacks.,GROC_0323;GROC_0855;GROC_0506
GROC_0584,Daily Delight Gourmet Cookies,Bakery,400g,8.07,contains_gluten,Shop Daily Delight Gourmet Cookies (400g). Keywords: bakery cookies daily delight gourmet. Perfect for everyday meals and snacks.,GROC_0314;GROC_0946;GROC_0324
GROC_0585,Daily Delight Cakes,Bakery,400g,3.85,contains_gluten,Shop Daily Delight Cakes (400g). Keywords: bakery cakes daily delight . Perfect for everyday meals and snacks.,GROC_0243;GROC_0175
GROC_0586,Daily Delight Freshly Baked White Bread,Bakery,400g,7.12,contains_gluten,Shop Daily Delight Freshly Baked White Bread (400g). Keywords: bakery white bread daily delight freshly baked. Perfect for everyday meals and snacks.,GROC_0891;GROC_0131
GROC_0587,Everyday Basics Gourmet Croissants,Bakery,6 pack,5.59,contains_gluten,Shop Everyday Basics Gourmet Croissants (6 pack). Keywords: bakery croissants everyday basics gourmet. Perfect for everyday meals and snacks.,GROC_0312
GROC_0588,Gold Standard Freshly Baked Multigrain Bread,Bakery,1 dozen,7.65,contains_gluten,Shop Gold Standard Freshly Baked Multigrain Bread (1 dozen). Keywords: bakery multigrain bread gold standard freshly baked. Perfect for everyday meals and snacks.,GROC_0727
GROC_0589,Value Choice Freshly Baked Muffins,Bakery,6 pack,4.76,contains_gluten,Shop Value Choice Freshly Baked Muffins (6 pack). Keywords: bakery muffins value choice freshly baked. Perfect for everyday meals and snacks.,GROC_0694
GROC_0590,Everyday Basics Artisan Muffins,Bakery,1 pack,17.38,contains_gluten,Shop Everyday Basics Artisan Muffins (1 pack). Keywords: bakery muffins everyday basics artisan. Perfect for everyday meals and snacks.,GROC_0270;GROC_0734
GROC_0591,Daily Delight Gluten-Free Muffins,Bakery,6 pack,12.56,gluten_free,Shop Daily Delight Gluten-Free Muffins (6 pack). Keywords: bakery muffins daily delight gluten-free. Perfect for everyday meals and snacks.,GROC_1007
GROC_0592,GreenValley Gluten-Free Donuts,Bakery,1 piece,9.21,gluten_free,Shop GreenValley Gluten-Free Donuts (1 piece). Keywords: bakery donuts greenvalley gluten-free. Perfect for everyday meals and snacks.,GROC_0163
GROC_0593,SunKissed Gluten-Free Croissants,Bakery,1 piece,3.0,gluten_free,Shop SunKissed Gluten-Free Croissants (1 piece). Keywords: bakery croissants sunkissed gluten-free. Perfect for everyday meals and snacks.,GROC_0911;GROC_0818;GROC_0492
GROC_0594,FarmFresh Artisan Cookies,Bakery,6 pack,1.94,contains_gluten,Shop FarmFresh Artisan Cookies (6 pack). Keywords: bakery cookies farmfresh artisan. Perfect for everyday meals and snacks.,GROC_0600;GROC_0459
GROC_0595,Chef's Choice Freshly Baked Burger Buns,Bakery,400g,10.36,contains_gluten,Shop Chef's Choice Freshly Baked Burger Buns (400g). Keywords: bakery burger buns chef's choice freshly baked. Perfect for everyday meals and snacks.,GROC_0954;GROC_0684;GROC_1049
GROC_0596,SunKissed Gourmet Cookies,Bakery,1 piece,7.12,contains_gluten,Shop SunKissed Gourmet Cookies (1 piece). Keywords: bakery cookies sunkissed gourmet. Perfect for everyday meals and snacks.,GROC_0801;GROC_0604;GROC_0755
GROC_0597,Nature's Best Gourmet Cookies,Bakery,400g,10.87,contains_gluten,Shop Nature's Best Gourmet Cookies (400g). Keywords: bakery cookies nature's best gourmet. Perfect for everyday meals and snacks.,GROC_1039;GROC_0504;GROC_0061
GROC_0598,Chef's Choice Gluten-Free Bagels,Bakery,1 pack,7.55,gluten_free,Shop Chef's Choice Gluten-Free Bagels (1 pack). Keywords: bakery bagels chef's choice gluten-free. Perfect for everyday meals and snacks.,GROC_0743;GROC_0804;GROC_0401
GROC_0599,Nature's Best Artisan Croissants,Bakery,6 pack,16.08,contains_gluten,Shop Nature's Best Artisan Croissants (6 pack). Keywords: bakery croissants nature's best artisan. Perfect for everyday meals and snacks.,GROC_0696;GROC_0267;GROC_0453
GROC_0600,Essential Gluten-Free Pizza Base,Bakery,1 pack,11.37,gluten_free,Shop Essential Gluten-Free Pizza Base (1 pack). Keywords: bakery pizza base essential gluten-free. Perfect for everyday meals and snacks.,GROC_0213;GROC_0393;GROC_0258
GROC_0601,MorningDew Freshly Baked White Bread,Bakery,6 pack,10.72,contains_gluten,Shop MorningDew Freshly Baked White Bread (6 pack). Keywords: bakery white bread morningdew freshly baked. Perfect for everyday meals and snacks.,GROC_0349;GROC_1014;GROC_0079
GROC_0602,PureHarvest Gourmet Cakes,Bakery,6 pack,2.66,contains_gluten,Shop PureHarvest Gourmet Cakes (6 pack). Keywords: bakery cakes pureharvest gourmet. Perfect for everyday meals and snacks.,GROC_0924
GROC_0603,Essential Burger Buns,Bakery,6 pack,7.83,contains_gluten,Shop Essential Burger Buns (6 pack). Keywords: bakery burger buns essential . Perfect for everyday meals and snacks.,GROC_0823;GROC_0404
GROC_0604,Value Choice Gourmet Donuts,Bakery,1 dozen,3.01,contains_gluten,Shop Value Choice Gourmet Donuts (1 dozen). Keywords: bakery donuts value choice gourmet. Perfect for everyday meals and snacks.,GROC_0323;GROC_1023;GROC_0560
GROC_0605,Value Choice Gourmet Rusk,Bakery,400g,4.2,contains_gluten,Shop Value Choice Gourmet Rusk (400g). Keywords: bakery rusk value choice gourmet. Perfect for everyday meals and snacks.,GROC_1076;GROC_0097;GROC_0089
GROC_0606,MorningDew Pav,Bakery,1 piece,12.9,contains_gluten,Shop MorningDew Pav (1 piece). Keywords: bakery pav morningdew . Perfect for everyday meals and snacks.,GROC_0900;GROC_0253
GROC_0607,GreenValley Freshly Baked Pizza Base,Bakery,6 pack,3.99,contains_gluten,Shop GreenValley Freshly Baked Pizza Base (6 pack). Keywords: bakery pizza base greenvalley freshly baked. Perfect for everyday meals and snacks.,GROC_0463
GROC_0608,OrganicLife Gluten-Free Rusk,Bakery,6 pack,9.61,organic;gluten_free,Shop OrganicLife Gluten-Free Rusk (6 pack). Keywords: bakery rusk organiclife gluten-free. Perfect for everyday meals and snacks.,GROC_0581
GROC_0609,Chef's Choice Artisan Croissants,Bakery,400g,9.02,contains_gluten,Shop Chef's Choice Artisan Croissants (400g). Keywords: bakery croissants chef's choice artisan. Perfect for everyday meals and snacks.,GROC_0976;GROC_0622
GROC_0610,MorningDew Gluten-Free Pizza Base,Bakery,1 pack,8.61,gluten_free,Shop MorningDew Gluten-Free Pizza Base (1 pack). Keywords: bakery pizza base morningdew gluten-free. Perfect for everyday meals and snacks.,GROC_0423;GROC_0591
GROC_0611,Premium Select Freshly Baked Croissants,Bakery,1 piece,9.7,contains_gluten,Shop Premium Select Freshly Baked Croissants (1 piece). Keywords: bakery croissants premium select freshly baked. Perfect for everyday meals and snacks.,GROC_0091;GROC_0138
GROC_0612,Essential Artisan Bagels,Bakery,400g,10.58,contains_gluten,Shop Essential Artisan Bagels (400g). Keywords: bakery bagels essential artisan. Perfect for everyday meals and snacks.,GROC_0739;GROC_0642
GROC_0613,Everyday Basics Artisan Multigrain Bread,Bakery,1 piece,16.41,contains_gluten,Shop Everyday Basics Artisan Multigrain Bread (1 piece). Keywords: bakery multigrain bread everyday basics artisan. Perfect for everyday meals and snacks.,GROC_0653
GROC_0614,FarmFresh Pav,Bakery,1 pack,8.5,contains_gluten,Shop FarmFresh Pav (1 pack). Keywords: bakery pav farmfresh . Perfect for everyday meals and snacks.,GROC_0107;GROC_0007
GROC_0615,Gold Standard Pizza Base,Bakery,1 pack,12.14,contains_gluten,Shop Gold Standard Pizza Base (1 pack). Keywords: bakery pizza base gold standard . Perfect for everyday meals and snacks.,GROC_0179;GROC_0158;GROC_1024
GROC_0616,Gold Standard Multigrain Bread,Bakery,1 piece,12.89,contains_gluten,Shop Gold Standard Multigrain Bread (1 piece). Keywords: bakery multigrain bread gold standard . Perfect for everyday meals and snacks.,GROC_0422
GROC_0617,Premium Select Artisan Croissants,Bakery,6 pack,4.06,contains_gluten,Shop Premium Select Artisan Croissants (6 pack). Keywords: bakery croissants premium select artisan. Perfect for everyday meals and snacks.,GROC_0331;GROC_0656
GROC_0618,Nature's Best Artisan Hot Dog Buns,Bakery,400g,2.77,contains_gluten,Shop Nature's Best Artisan Hot Dog Buns (400g). Keywords: bakery hot dog buns nature's best artisan. Perfect for everyday meals and snacks.,GROC_1082;GROC_0575
GROC_0619,Harvest Cakes,Bakery,6 pack,5.75,contains_gluten,Shop Harvest Cakes (6 pack). Keywords: bakery cakes harvest . Perfect for everyday meals and snacks.,GROC_0886
GROC_0620,SunKissed Gluten-Free Hot Dog Buns,Bakery,6 pack,8.86,gluten_free,Shop SunKissed Gluten-Free Hot Dog Buns (6 pack). Keywords: bakery hot dog buns sunkissed gluten-free. Perfect for everyday meals and snacks.,GROC_0556
GROC_0621,Nature's Best Freshly Baked Rusk,Bakery,1 pack,6.71,contains_gluten,Shop Nature's Best Freshly Baked Rusk (1 pack). Keywords: bakery rusk nature's best freshly baked. Perfect for everyday meals and snacks.,GROC_0842;GROC_0006;GROC_0633
GROC_0622,Everyday Basics Gourmet Multigrain Bread,Bakery,6 pack,9.15,contains_gluten,Shop Everyday Basics Gourmet Multigrain Bread (6 pack). Keywords: bakery multigrain bread everyday basics gourmet. Perfect for everyday meals and snacks.,GROC_1084;GROC_0781
GROC_0623,FarmFresh Whole Wheat Bread,Bakery,400g,12.85,contains_gluten,Shop FarmFresh Whole Wheat Bread (400g). Keywords: bakery whole wheat bread farmfresh . Perfect for everyday meals and snacks.,GROC_0881;GROC_0043
GROC_0624,Premium Select White Bread,Bakery,1 piece,13.66,contains_gluten,Shop Premium Select White Bread (1 piece). Keywords: bakery white bread premium select . Perfect for everyday meals and snacks.,GROC_0211;GROC_0619;GROC_0990
GROC_0625,Daily Delight Freshly Baked Hot Dog Buns,Bakery,1 piece,8.69,contains_gluten,Shop Daily Delight Freshly Baked Hot Dog Buns (1 piece). Keywords: bakery hot dog buns daily delight freshly baked. Perfect for everyday meals and snacks.,GROC_0767;GROC_0966
GROC_0626,Daily Delight Gourmet Cakes,Bakery,1 pack,7.75,contains_gluten,Shop Daily Delight Gourmet Cakes (1 pack). Keywords: bakery cakes daily delight gourmet. Perfect for everyday meals and snacks.,GROC_0074;GROC_0508;GROC_0787
GROC_0627,SunKissed Freshly Baked Bagels,Bakery,6 pack,12.03,contains_gluten,Shop SunKissed Freshly Baked Bagels (6 pack). Keywords: bakery bagels sunkissed freshly baked. Perfect for everyday meals and snacks.,GROC_0479
GROC_0628,GreenValley Freshly Baked Cookies,Bakery,1 piece,2.03,contains_gluten,Shop GreenValley Freshly Baked Cookies (1 piece). Keywords: bakery cookies greenvalley freshly baked. Perfect for everyday meals and snacks.,GROC_1071;GROC_0745;GROC_0025
GROC_0629,Daily Delight Gourmet White Bread,Bakery,1 pack,9.75,contains_gluten,Shop Daily Delight Gourmet White Bread (1 pack). Keywords: bakery white bread daily delight gourmet. Perfect for everyday meals and snacks.,GROC_0154
GROC_0630,PureHarvest Freshly Baked Bagels,Bakery,400g,3.96,contains_gluten,Shop PureHarvest Freshly Baked Bagels (400g). Keywords: bakery bagels pureharvest freshly baked. Perfect for everyday meals and snacks.,GROC_0085;GROC_0998;GROC_0738
GROC_0631,Nature's Best Gourmet Cakes,Bakery,6 pack,8.2,contains_gluten,Shop Nature's Best Gourmet Cakes (6 pack). Keywords: bakery cakes nature's best gourmet. Perfect for everyday meals and snacks.,GROC_0433
GROC_0632,Everyday Basics Rusk,Bakery,400g,11.16,contains_gluten,Shop Everyday Basics Rusk (400g). Keywords: bakery rusk everyday basics . Perfect for everyday meals and snacks.,GROC_0389
GROC_0633,Harvest Freshly Baked Cakes,Bakery,400g,7.2,contains_gluten,Shop Harvest Freshly Baked Cakes (400g). Keywords: bakery cakes harvest freshly baked. Perfect for everyday meals and snacks.,GROC_0172;GROC_0493;GROC_0531
GROC_0634,Premium Select Artisan Donuts,Bakery,1 piece,12.24,contains_gluten,Shop Premium Select Artisan Donuts (1 piece). Keywords: bakery donuts premium select artisan. Perfect for everyday meals and snacks.,GROC_1082;GROC_1059;GROC_0737
GROC_0635,Harvest Gluten-Free Pav,Bakery,6 pack,5.62,gluten_free,Shop Harvest Gluten-Free Pav (6 pack). Keywords: bakery pav harvest gluten-free. Perfect for everyday meals and snacks.,GROC_0126;GROC_0850;GROC_0497
GROC_0636,Gold Standard Burger Buns,Bakery,1 dozen,7.33,contains_gluten,Shop Gold Standard Burger Buns (1 dozen). Keywords: bakery burger buns gold standard . Perfect for everyday meals and snacks.,GROC_0361;GROC_0101;GROC_0941
GROC_0637,OrganicLife Freshly Baked Whole Wheat Bread,Bakery,400g,7.88,organic;contains_gluten,Shop OrganicLife Freshly Baked Whole Wheat Bread (400g). Keywords: bakery whole wheat bread organiclife freshly baked. Perfect for everyday meals and snacks.,GROC_0686
GROC_0638,Everyday Basics Artisan Pizza Base,Bakery,1 piece,10.56,contains_gluten,Shop Everyday Basics Artisan Pizza Base (1 piece). Keywords: bakery pizza base everyday basics artisan. Perfect for everyday meals and snacks.,GROC_0719;GROC_0662
GROC_0639,MorningDew Multigrain Bread,Bakery,1 piece,1.19,contains_gluten,Shop MorningDew Multigrain Bread (1 piece). Keywords: bakery multigrain bread morningdew . Perfect for everyday meals and snacks.,GROC_0209;GROC_0257;GROC_0539
GROC_0640,FarmFresh Freshly Baked White Bread,Bakery,400g,1.47,contains_gluten,Shop FarmFresh Freshly Baked White Bread (400g). Keywords: bakery white bread farmfresh freshly baked. Perfect for everyday meals and snacks.,GROC_0055;GROC_1072;GROC_1083
GROC_0641,MorningDew Gourmet Whole Wheat Bread,Bakery,1 piece,4.43,contains_gluten,Shop MorningDew Gourmet Whole Wheat Bread (1 piece). Keywords: bakery whole wheat bread morningdew gourmet. Perfect for everyday meals and snacks.,GROC_0911;GROC_0700;GROC_0347
GROC_0642,Chef's Choice Gluten-Free Rusk,Bakery,1 piece,9.41,gluten_free,Shop Chef's Choice Gluten-Free Rusk (1 piece). Keywords: bakery rusk chef's choice gluten-free. Perfect for everyday meals and snacks.,GROC_1015;GROC_0984;GROC_0790
GROC_0643,Nature's Best Freshly Baked Hot Dog Buns,Bakery,1 dozen,12.68,contains_gluten,Shop Nature's Best Freshly Baked Hot Dog Buns (1 dozen). Keywords: bakery hot dog buns nature's best freshly baked. Perfect for everyday meals and snacks.,GROC_0916;GROC_0071
GROC_0644,Chef's Choice Gluten-Free Multigrain Bread,Bakery,400g,8.03,gluten_free,Shop Chef's Choice Gluten-Free Multigrain Bread (400g). Keywords: bakery multigrain bread chef's choice gluten-free. Perfect for everyday meals and snacks.,GROC_0334;GROC_0152
GROC_0645,Essential Artisan Pav,Bakery,1 pack,13.12,contains_gluten,Shop Essential Artisan Pav (1 pack). Keywords: bakery pav essential artisan. Perfect for everyday meals and snacks.,GROC_1073;GROC_0508;GROC_0819
GROC_0646,Essential Rusk,Bakery,6 pack,3.92,contains_gluten,Shop Essential Rusk (6 pack). Keywords: bakery rusk essential . Perfect for everyday meals and snacks.,GROC_0487;GROC_1052
GROC_0647,Nature's Best Gourmet Croissants,Bakery,1 piece,8.3,contains_gluten,Shop Nature's Best Gourmet Croissants (1 piece). Keywords: bakery croissants nature's best gourmet. Perfect for everyday meals and snacks.,GROC_1075;GROC_0759
GROC_0648,GreenValley Hot Dog Buns,Bakery,6 pack,1.14,contains_gluten,Shop GreenValley Hot Dog Buns (6 pack). Keywords: bakery hot dog buns greenvalley . Perfect for everyday meals and snacks.,GROC_0666;GROC_0267;GROC_0576
GROC_0649,SunKissed Freshly Baked Multigrain Bread,Bakery,1 pack,6.95,contains_gluten,Shop SunKissed Freshly Baked Multigrain Bread (1 pack). Keywords: bakery multigrain bread sunkissed freshly baked. Perfect for everyday meals and snacks.,GROC_0364;GROC_0396;GROC_0147
GROC_0650,Chef's Choice Artisan Bagels,Bakery,1 dozen,4.19,contains_gluten,Shop Chef's Choice Artisan Bagels (1 dozen). Keywords: bakery bagels chef's choice artisan. Perfect for everyday meals and snacks.,GROC_0287;GROC_0743;GROC_0824
GROC_0651,Harvest Artisan Pav,Bakery,1 pack,14.95,contains_gluten,Shop Harvest Artisan Pav (1 pack). Keywords: bakery pav harvest artisan. Perfect for everyday meals and snacks.,GROC_0221;GROC_1060
GROC_0652,Chef's Choice Artisan Hot Dog Buns,Bakery,1 pack,13.35,contains_gluten,Shop Chef's Choice Artisan Hot Dog Buns (1 pack). Keywords: bakery hot dog buns chef's choice artisan. Perfect for everyday meals and snacks.,GROC_0384
GROC_0653,Chef's Choice Muffins,Bakery,400g,6.99,contains_gluten,Shop Chef's Choice Muffins (400g). Keywords: bakery muffins chef's choice . Perfect for everyday meals and snacks.,GROC_0286;GROC_0191;GROC_0398
GROC_0654,Daily Delight Freshly Baked Cookies,Bakery,400g,4.05,contains_gluten,Shop Daily Delight Freshly Baked Cookies (400g). Keywords: bakery cookies daily delight freshly baked. Perfect for everyday meals and snacks.,GROC_0422;GROC_0004;GROC_0980
GROC_0655,Essential Freshly Baked Whole Wheat Bread,Bakery,1 pack,1.54,contains_gluten,Shop Essential Freshly Baked Whole Wheat Bread (1 pack). Keywords: bakery whole wheat bread essential freshly baked. Perfect for everyday meals and snacks.,GROC_0162;GROC_0083
GROC_0656,FarmFresh Gluten-Free Pizza Base,Bakery,1 dozen,3.68,gluten_free,Shop FarmFresh Gluten-Free Pizza Base (1 dozen). Keywords: bakery pizza base farmfresh gluten-free. Perfect for everyday meals and snacks.,GROC_0396;GROC_0802;GROC_0004
GROC_0657,PureHarvest Artisan Burger Buns,Bakery,400g,15.26,contains_gluten,Shop PureHarvest Artisan Burger Buns (400g). Keywords: bakery burger buns pureharvest artisan. Perfect for everyday meals and snacks.,GROC_1090;GROC_0711;GROC_0769
GROC_0658,MorningDew Burger Buns,Bakery,1 dozen,12.44,contains_gluten,Shop MorningDew Burger Buns (1 dozen). Keywords: bakery burger buns morningdew . Perfect for everyday meals and snacks.,GROC_1010;GROC_0082;GROC_0656
GROC_0659,Harvest Artisan White Bread,Bakery,1 piece,14.38,contains_gluten,Shop Harvest Artisan White Bread (1 piece). Keywords: bakery white bread harvest artisan. Perfect for everyday meals and snacks.,GROC_0214;GROC_0620
GROC_0660,OrganicLife Gourmet Hot Dog Buns,Bakery,1 pack,9.06,organic;contains_gluten,Shop OrganicLife Gourmet Hot Dog Buns (1 pack). Keywords: bakery hot dog buns organiclife gourmet. Perfect for everyday meals and snacks.,GROC_0770;GROC_0264
GROC_0661,Premium Select Fortified Cooking Oil,Pantry & Staples,5kg,21.57,standard,Shop Premium Select Fortified Cooking Oil (5kg). Keywords: pantry  staples cooking oil premium select fortified. Perfect for everyday meals and snacks.,GROC_0499
GROC_0662,Premium Select Refined Poha,Pantry & Staples,100g,11.33,standard,Shop Premium Select Refined Poha (100g). Keywords: pantry  staples poha premium select refined. Perfect for everyday meals and snacks.,GROC_0629;GROC_0231;GROC_0154
GROC_0663,MorningDew Fortified Tomato Ketchup,Pantry & Staples,2kg,10.12,standard,Shop MorningDew Fortified Tomato Ketchup (2kg). Keywords: pantry  staples tomato ketchup morningdew fortified. Perfect for everyday meals and snacks.,GROC_0051
GROC_0664,Daily Delight Unpolished Flour,Pantry & Staples,250g,1.28,standard,Shop Daily Delight Unpolished Flour (250g). Keywords: pantry  staples flour daily delight unpolished. Perfect for everyday meals and snacks.,GROC_0906;GROC_1090;GROC_0081
GROC_0665,OrganicLife Refined Cereal,Pantry & Staples,250g,1.41,organic,Shop OrganicLife Refined Cereal (250g). Keywords: pantry  staples cereal organiclife refined. Perfect for everyday meals and snacks.,GROC_0822;GROC_0130
GROC_0666,PureHarvest Besan,Pantry & Staples,5kg,3.45,standard,Shop PureHarvest Besan (5kg). Keywords: pantry  staples besan pureharvest . Perfect for everyday meals and snacks.,GROC_0902
GROC_0667,PureHarvest Flour,Pantry & Staples,100g,12.66,standard,Shop PureHarvest Flour (100g). Keywords: pantry  staples flour pureharvest . Perfect for everyday meals and snacks.,GROC_0905
GROC_0668,SunKissed Macaroni,Pantry & Staples,5kg,1.52,standard,Shop SunKissed Macaroni (5kg). Keywords: pantry  staples macaroni sunkissed . Perfect for everyday meals and snacks.,GROC_0093
GROC_0669,Harvest Refined Flour,Pantry & Staples,2 lbs,6.49,standard,Shop Harvest Refined Flour (2 lbs). Keywords: pantry  staples flour harvest refined. Perfect for everyday meals and snacks.,GROC_0285
GROC_0670,Everyday Basics Fortified Pasta,Pantry & Staples,500g,2.59,standard,Shop Everyday Basics Fortified Pasta (500g). Keywords: pantry  staples pasta everyday basics fortified. Perfect for everyday meals and snacks.,GROC_0154;GROC_0692
GROC_0671,Nature's Best Unpolished Olive Oil,Pantry & Staples,250g,13.94,standard,Shop Nature's Best Unpolished Olive Oil (250g). Keywords: pantry  staples olive oil nature's best unpolished. Perfect for everyday meals and snacks.,GROC_0535;GROC_0438;GROC_0178
GROC_0672,Premium Select Refined Macaroni,Pantry & Staples,5kg,15.68,standard,Shop Premium Select Refined Macaroni (5kg). Keywords: pantry  staples macaroni premium select refined. Perfect for everyday meals and snacks.,GROC_0880
GROC_0673,SunKissed Refined Olive Oil,Pantry & Staples,1 lb,11.42,standard,Shop SunKissed Refined Olive Oil (1 lb). Keywords: pantry  staples olive oil sunkissed refined. Perfect for everyday meals and snacks.,GROC_0988;GROC_0374;GROC_0317
GROC_0674,Nature's Best Organic Flour,Pantry & Staples,2kg,14.49,organic,Shop Nature's Best Organic Flour (2kg). Keywords: pantry  staples flour nature's best organic. Perfect for everyday meals and snacks.,GROC_0667
GROC_0675,Nature's Best Oats,Pantry & Staples,1kg,2.96,standard,Shop Nature's Best Oats (1kg). Keywords: pantry  staples oats nature's best . Perfect for everyday meals and snacks.,GROC_0772;GROC_0015;GROC_0366
GROC_0676,OrganicLife Soy Sauce,Pantry & Staples,2 lbs,10.39,organic,Shop OrganicLife Soy Sauce (2 lbs). Keywords: pantry  staples soy sauce organiclife . Perfect for everyday meals and snacks.,GROC_1068;GROC_0435
GROC_0677,Gold Standard Unpolished Maida,Pantry & Staples,5kg,4.17,standard,Shop Gold Standard Unpolished Maida (5kg). Keywords: pantry  staples maida gold standard unpolished. Perfect for everyday meals and snacks.,GROC_0980;GROC_0620
GROC_0678,Nature's Best Refined Noodles,Pantry & Staples,1kg,10.91,standard,Shop Nature's Best Refined Noodles (1kg). Keywords: pantry  staples noodles nature's best refined. Perfect for everyday meals and snacks.,GROC_0532
GROC_0679,Everyday Basics Organic Dalia,Pantry & Staples,250g,15.43,organic,Shop Everyday Basics Organic Dalia (250g). Keywords: pantry  staples dalia everyday basics organic. Perfect for everyday meals and snacks.,GROC_0420;GROC_0232
GROC_0680,Daily Delight Organic Jaggery,Pantry & Staples,500g,17.66,organic,Shop Daily Delight Organic Jaggery (500g). Keywords: pantry  staples jaggery daily delight organic. Perfect for everyday meals and snacks.,GROC_0420;GROC_0496
GROC_0681,Chef's Choice Refined Olive Oil,Pantry & Staples,250g,9.11,standard,Shop Chef's Choice Refined Olive Oil (250g). Keywords: pantry  staples olive oil chef's choice refined. Perfect for everyday meals and snacks.,GROC_0646;GROC_0626;GROC_0148
GROC_0682,FarmFresh Unpolished Atta,Pantry & Staples,2 lbs,7.66,standard,Shop FarmFresh Unpolished Atta (2 lbs). Keywords: pantry  staples atta farmfresh unpolished. Perfect for everyday meals and snacks.,GROC_1080;GROC_0750;GROC_0324
GROC_0683,Premium Select Unpolished Cereal,Pantry & Staples,500g,3.1,standard,Shop Premium Select Unpolished Cereal (500g). Keywords: pantry  staples cereal premium select unpolished. Perfect for everyday meals and snacks.,GROC_0891
GROC_0684,Nature's Best Macaroni,Pantry & Staples,250g,10.95,standard,Shop Nature's Best Macaroni (250g). Keywords: pantry  staples macaroni nature's best . Perfect for everyday meals and snacks.,GROC_0932
GROC_0685,GreenValley Fortified Cooking Oil,Pantry & Staples,500g,13.02,standard,Shop GreenValley Fortified Cooking Oil (500g). Keywords: pantry  staples cooking oil greenvalley fortified. Perfect for everyday meals and snacks.,GROC_0779;GROC_0205;GROC_0853
GROC_0686,FarmFresh Organic Pasta,Pantry & Staples,500g,16.55,organic,Shop FarmFresh Organic Pasta (500g). Keywords: pantry  staples pasta farmfresh organic. Perfect for everyday meals and snacks.,GROC_0194
GROC_0687,MorningDew Soy Sauce,Pantry & Staples,1kg,11.85,standard,Shop MorningDew Soy Sauce (1kg). Keywords: pantry  staples soy sauce morningdew . Perfect for everyday meals and snacks.,GROC_0391;GROC_0146;GROC_1018
GROC_0688,Nature's Best Unpolished Jaggery,Pantry & Staples,250g,1.6,standard,Shop Nature's Best Unpolished Jaggery (250g). Keywords: pantry  staples jaggery nature's best unpolished. Perfect for everyday meals and snacks.,GROC_0968;GROC_1055
GROC_0689,PureHarvest Unpolished Oats,Pantry & Staples,2 lbs,1.34,standard,Shop PureHarvest Unpolished Oats (2 lbs). Keywords: pantry  staples oats pureharvest unpolished. Perfect for everyday meals and snacks.,GROC_0953;GROC_0075
GROC_0690,PureHarvest Refined Besan,Pantry & Staples,1kg,3.57,standard,Shop PureHarvest Refined Besan (1kg). Keywords: pantry  staples besan pureharvest refined. Perfect for everyday meals and snacks.,GROC_0564
GROC_0691,Value Choice Unpolished Atta,Pantry & Staples,5kg,11.59,standard,Shop Value Choice Unpolished Atta (5kg). Keywords: pantry  staples atta value choice unpolished. Perfect for everyday meals and snacks.,GROC_0557;GROC_0397
GROC_0692,Everyday Basics Refined Basmati Rice,Pantry & Staples,2kg,6.98,standard,Shop Everyday Basics Refined Basmati Rice (2kg). Keywords: pantry  staples basmati rice everyday basics refined. Perfect for everyday meals and snacks.,GROC_0732;GROC_0657
GROC_0693,Gold Standard Cereal,Pantry & Staples,250g,4.35,standard,Shop Gold Standard Cereal (250g). Keywords: pantry  staples cereal gold standard . Perfect for everyday meals and snacks.,GROC_0310;GROC_0401;GROC_0799
GROC_0694,PureHarvest Fortified Macaroni,Pantry & Staples,2kg,3.98,standard,Shop PureHarvest Fortified Macaroni (2kg). Keywords: pantry  staples macaroni pureharvest fortified. Perfect for everyday meals and snacks.,GROC_0463;GROC_0919;GROC_0239
GROC_0695,MorningDew Unpolished Cereal,Pantry & Staples,250g,10.37,standard,Shop MorningDew Unpolished Cereal (250g). Keywords: pantry  staples cereal morningdew unpolished. Perfect for everyday meals and snacks.,GROC_0241;GROC_0959
GROC_0696,Gold Standard Refined Cooking Oil,Pantry & Staples,100g,16.94,standard,Shop Gold Standard Refined Cooking Oil (100g). Keywords: pantry  staples cooking oil gold standard refined. Perfect for everyday meals and snacks.,GROC_0885
GROC_0697,OrganicLife Refined Mayonnaise,Pantry & Staples,2 lbs,4.41,organic,Shop OrganicLife Refined Mayonnaise (2 lbs). Keywords: pantry  staples mayonnaise organiclife refined. Perfect for everyday meals and snacks.,GROC_0082
GROC_0698,Everyday Basics Jaggery,Pantry & Staples,2kg,11.74,standard,Shop Everyday Basics Jaggery (2kg). Keywords: pantry  staples jaggery everyday basics . Perfect for everyday meals and snacks.,GROC_0782;GROC_0555;GROC_0529
GROC_0699,FarmFresh Fortified Sugar,Pantry & Staples,100g,5.28,standard,Shop FarmFresh Fortified Sugar (100g). Keywords: pantry  staples sugar farmfresh fortified. Perfect for everyday meals and snacks.,GROC_0443;GROC_0953
GROC_0700,Premium Select Oats,Pantry & Staples,1kg,5.55,standard,Shop Premium Select Oats (1kg). Keywords: pantry  staples oats premium select . Perfect for everyday meals and snacks.,GROC_0398;GROC_1017
GROC_0701,Value Choice Organic Flour,Pantry & Staples,250g,11.06,organic,Shop Value Choice Organic Flour (250g). Keywords: pantry  staples flour value choice organic. Perfect for everyday meals and snacks.,GROC_0202;GROC_0873
GROC_0702,OrganicLife Organic Olive Oil,Pantry & Staples,1kg,12.36,organic,Shop OrganicLife Organic Olive Oil (1kg). Keywords: pantry  staples olive oil organiclife organic. Perfect for everyday meals and snacks.,GROC_0488;GROC_0128;GROC_0190
GROC_0703,MorningDew Fortified Jaggery,Pantry & Staples,1 lb,1.33,standard,Shop MorningDew Fortified Jaggery (1 lb). Keywords: pantry  staples jaggery morningdew fortified. Perfect for everyday meals and snacks.,GROC_0896;GROC_1001;GROC_0246
GROC_0704,OrganicLife Fortified Dalia,Pantry & Staples,1kg,17.32,organic,Shop OrganicLife Fortified Dalia (1kg). Keywords: pantry  staples dalia organiclife fortified. Perfect for everyday meals and snacks.,GROC_0201;GROC_0605;GROC_0668
GROC_0705,Chef's Choice Organic Tomato Ketchup,Pantry & Staples,5kg,9.63,organic,Shop Chef's Choice Organic Tomato Ketchup (5kg). Keywords: pantry  staples tomato ketchup chef's choice organic. Perfect for everyday meals and snacks.,GROC_0365
GROC_0706,FarmFresh Fortified Pasta,Pantry & Staples,2kg,3.62,standard,Shop FarmFresh Fortified Pasta (2kg). Keywords: pantry  staples pasta farmfresh fortified. Perfect for everyday meals and snacks.,GROC_0514
GROC_0707,Gold Standard Refined Mayonnaise,Pantry & Staples,250g,12.0,standard,Shop Gold Standard Refined Mayonnaise (250g). Keywords: pantry  staples mayonnaise gold standard refined. Perfect for everyday meals and snacks.,GROC_0919
GROC_0708,MorningDew Refined Maida,Pantry & Staples,1kg,9.59,standard,Shop MorningDew Refined Maida (1kg). Keywords: pantry  staples maida morningdew refined. Perfect for everyday meals and snacks.,GROC_0273;GROC_0791
GROC_0709,FarmFresh Organic Jaggery,Pantry & Staples,250g,11.24,organic,Shop FarmFresh Organic Jaggery (250g). Keywords: pantry  staples jaggery farmfresh organic. Perfect for everyday meals and snacks.,GROC_0804;GROC_0124
GROC_0710,MorningDew Fortified Macaroni,Pantry & Staples,500g,11.32,standard,Shop MorningDew Fortified Macaroni (500g). Keywords: pantry  staples macaroni morningdew fortified. Perfect for everyday meals and snacks.,GROC_0734;GROC_0540;GROC_0022
GROC_0711,OrganicLife Fortified Pasta,Pantry & Staples,2 lbs,3.08,organic,Shop OrganicLife Fortified Pasta (2 lbs). Keywords: pantry  staples pasta organiclife fortified. Perfect for everyday meals and snacks.,GROC_0968;GROC_0356
GROC_0712,OrganicLife Organic Salt,Pantry & Staples,1kg,13.69,organic,Shop OrganicLife Organic Salt (1kg). Keywords: pantry  staples salt organiclife organic. Perfect for everyday meals and snacks.,GROC_0589;GROC_0755
GROC_0713,MorningDew Refined Vinegar,Pantry & Staples,100g,3.08,standard,Shop MorningDew Refined Vinegar (100g). Keywords: pantry  staples vinegar morningdew refined. Perfect for everyday meals and snacks.,GROC_0750
GROC_0714,SunKissed Organic Cereal,Pantry & Staples,1 lb,12.57,organic,Shop SunKissed Organic Cereal (1 lb). Keywords: pantry  staples cereal sunkissed organic. Perfect for everyday meals and snacks.,GROC_0781;GROC_1005;GROC_0756
GROC_0715,PureHarvest Refined Atta,Pantry & Staples,5kg,2.52,standard,Shop PureHarvest Refined Atta (5kg). Keywords: pantry  staples atta pureharvest refined. Perfect for everyday meals and snacks.,GROC_0225
GROC_0716,SunKissed Fortified Rice,Pantry & Staples,2 lbs,1.38,standard,Shop SunKissed Fortified Rice (2 lbs). Keywords: pantry  staples rice sunkissed fortified. Perfect for everyday meals and snacks.,GROC_0111;GROC_0262
GROC_0717,OrganicLife Fortified Poha,Pantry & Staples,2kg,3.14,organic,Shop OrganicLife Fortified Poha (2kg). Keywords: pantry  staples poha organiclife fortified. Perfect for everyday meals and snacks.,GROC_0486
GROC_0718,Daily Delight Tomato Ketchup,Pantry & Staples,1 lb,3.85,standard,Shop Daily Delight Tomato Ketchup (1 lb). Keywords: pantry  staples tomato ketchup daily delight . Perfect for everyday meals and snacks.,GROC_0370;GROC_0664;GROC_0282
GROC_0719,Daily Delight Refined Jaggery,Pantry & Staples,500g,6.35,standard,Shop Daily Delight Refined Jaggery (500g). Keywords: pantry  staples jaggery daily delight refined. Perfect for everyday meals and snacks.,GROC_0057;GROC_0680
GROC_0720,Premium Select Sugar,Pantry & Staples,2kg,7.27,standard,Shop Premium Select Sugar (2kg). Keywords: pantry  staples sugar premium select . Perfect for everyday meals and snacks.,GROC_0016;GROC_0069;GROC_0808
GROC_0721,SunKissed Noodles,Pantry & Staples,250g,5.62,standard,Shop SunKissed Noodles (250g). Keywords: pantry  staples noodles sunkissed . Perfect for everyday meals and snacks.,GROC_0945;GROC_0433
GROC_0722,Daily Delight Unpolished Vinegar,Pantry & Staples,2 lbs,11.57,standard,Shop Daily Delight Unpolished Vinegar (2 lbs). Keywords: pantry  staples vinegar daily delight unpolished. Perfect for everyday meals and snacks.,GROC_0778;GROC_0691
GROC_0723,Chef's Choice Cooking Oil,Pantry & Staples,2 lbs,15.94,standard,Shop Chef's Choice Cooking Oil (2 lbs). Keywords: pantry  staples cooking oil chef's choice . Perfect for everyday meals and snacks.,GROC_0331;GROC_0370
GROC_0724,GreenValley Organic Oats,Pantry & Staples,2kg,8.97,organic,Shop GreenValley Organic Oats (2kg). Keywords: pantry  staples oats greenvalley organic. Perfect for everyday meals and snacks.,GROC_0743;GROC_0262;GROC_0863
GROC_0725,Value Choice Refined Basmati Rice,Pantry & Staples,250g,4.12,standard,Shop Value Choice Refined Basmati Rice (250g). Keywords: pantry  staples basmati rice value choice refined. Perfect for everyday meals and snacks.,GROC_0322
GROC_0726,Nature's Best Organic Noodles,Pantry & Staples,1 lb,16.3,organic,Shop Nature's Best Organic Noodles (1 lb). Keywords: pantry  staples noodles nature's best organic. Perfect for everyday meals and snacks.,GROC_0564;GROC_0653;GROC_0027
GROC_0727,SunKissed Fortified Atta,Pantry & Staples,500g,12.29,standard,Shop SunKissed Fortified Atta (500g). Keywords: pantry  staples atta sunkissed fortified. Perfect for everyday meals and snacks.,GROC_0314;GROC_0579
GROC_0728,OrganicLife Pasta,Pantry & Staples,100g,8.63,organic,Shop OrganicLife Pasta (100g). Keywords: pantry  staples pasta organiclife . Perfect for everyday meals and snacks.,GROC_0600;GROC_0099;GROC_0770
GROC_0729,Daily Delight Organic Suji,Pantry & Staples,2 lbs,2.29,organic,Shop Daily Delight Organic Suji (2 lbs). Keywords: pantry  staples suji daily delight organic. Perfect for everyday meals and snacks.,GROC_0503;GROC_0553;GROC_0539
GROC_0730,Premium Select Unpolished Jaggery,Pantry & Staples,2kg,13.1,standard,Shop Premium Select Unpolished Jaggery (2kg). Keywords: pantry  staples jaggery premium select unpolished. Perfect for everyday meals and snacks.,GROC_0211;GROC_0372;GROC_0728
GROC_0731,Value Choice Refined Cereal,Pantry & Staples,5kg,3.84,standard,Shop Value Choice Refined Cereal (5kg). Keywords: pantry  staples cereal value choice refined. Perfect for everyday meals and snacks.,GROC_0305;GROC_0973
GROC_0732,PureHarvest Organic Basmati Rice,Pantry & Staples,100g,2.3,organic,Shop PureHarvest Organic Basmati Rice (100g). Keywords: pantry  staples basmati rice pureharvest organic. Perfect for everyday meals and snacks.,GROC_0314;GROC_0176;GROC_0337
GROC_0733,PureHarvest Refined Rice,Pantry & Staples,500g,10.88,standard,Shop PureHarvest Refined Rice (500g). Keywords: pantry  staples rice pureharvest refined. Perfect for everyday meals and snacks.,GROC_0663;GROC_0084;GROC_1004
GROC_0734,Everyday Basics Organic Suji,Pantry & Staples,100g,3.02,organic,Shop Everyday Basics Organic Suji (100g). Keywords: pantry  staples suji everyday basics organic. Perfect for everyday meals and snacks.,GROC_0322
GROC_0735,Daily Delight Maida,Pantry & Staples,5kg,6.67,standard,Shop Daily Delight Maida (5kg). Keywords: pantry  staples maida daily delight . Perfect for everyday meals and snacks.,GROC_0481
GROC_0736,Value Choice Unpolished Noodles,Pantry & Staples,2 lbs,6.86,standard,Shop Value Choice Unpolished Noodles (2 lbs). Keywords: pantry  staples noodles value choice unpolished. Perfect for everyday meals and snacks.,GROC_0514;GROC_0901;GROC_0284
GROC_0737,Value Choice Fortified Besan,Pantry & Staples,500g,5.64,standard,Shop Value Choice Fortified Besan (500g). Keywords: pantry  staples besan value choice fortified. Perfect for everyday meals and snacks.,GROC_0094;GROC_0985;GROC_0294
GROC_0738,Harvest Refined Cooking Oil,Pantry & Staples,2 lbs,8.23,standard,Shop Harvest Refined Cooking Oil (2 lbs). Keywords: pantry  staples cooking oil harvest refined. Perfect for everyday meals and snacks.,GROC_0183;GROC_0002
GROC_0739,Value Choice Unpolished Basmati Rice,Pantry & Staples,100g,4.15,standard,Shop Value Choice Unpolished Basmati Rice (100g). Keywords: pantry  staples basmati rice value choice unpolished. Perfect for everyday meals and snacks.,GROC_0675;GROC_0448
GROC_0740,Everyday Basics Organic Sugar,Pantry & Staples,250g,14.02,organic,Shop Everyday Basics Organic Sugar (250g). Keywords: pantry  staples sugar everyday basics organic. Perfect for everyday meals and snacks.,GROC_0158
GROC_0741,Nature's Best Refined Besan,Pantry & Staples,500g,10.69,standard,Shop Nature's Best Refined Besan (500g). Keywords: pantry  staples besan nature's best refined. Perfect for everyday meals and snacks.,GROC_0099
GROC_0742,MorningDew Fortified Vinegar,Pantry & Staples,2kg,1.72,standard,Shop MorningDew Fortified Vinegar (2kg). Keywords: pantry  staples vinegar morningdew fortified. Perfect for everyday meals and snacks.,GROC_0270;GROC_0627
GROC_0743,Essential Fortified Olive Oil,Pantry & Staples,2 lbs,14.23,standard,Shop Essential Fortified Olive Oil (2 lbs). Keywords: pantry  staples olive oil essential fortified. Perfect for everyday meals and snacks.,GROC_0168
GROC_0744,Everyday Basics Unpolished Tomato Ketchup,Pantry & Staples,2kg,4.58,standard,Shop Everyday Basics Unpolished Tomato Ketchup (2kg). Keywords: pantry  staples tomato ketchup everyday basics unpolished. Perfect for everyday meals and snacks.,GROC_0437;GROC_0778
GROC_0745,Harvest Fortified Olive Oil,Pantry & Staples,250g,12.84,standard,Shop Harvest Fortified Olive Oil (250g). Keywords: pantry  staples olive oil harvest fortified. Perfect for everyday meals and snacks.,GROC_0969;GROC_0293
GROC_0746,MorningDew Mayonnaise,Pantry & Staples,1kg,12.38,standard,Shop MorningDew Mayonnaise (1kg). Keywords: pantry  staples mayonnaise morningdew . Perfect for everyday meals and snacks.,GROC_0142;GROC_0268;GROC_0095
GROC_0747,Daily Delight Organic Soy Sauce,Pantry & Staples,1kg,14.97,organic,Shop Daily Delight Organic Soy Sauce (1kg). Keywords: pantry  staples soy sauce daily delight organic. Perfect for everyday meals and snacks.,GROC_0527;GROC_0853;GROC_0312
GROC_0748,FarmFresh Macaroni,Pantry & Staples,2 lbs,12.85,standard,Shop FarmFresh Macaroni (2 lbs). Keywords: pantry  staples macaroni farmfresh . Perfect for everyday meals and snacks.,GROC_0531
GROC_0749,Premium Select Fortified Vinegar,Pantry & Staples,1kg,5.72,standard,Shop Premium Select Fortified Vinegar (1kg). Keywords: pantry  staples vinegar premium select fortified. Perfect for everyday meals and snacks.,GROC_0241;GROC_0354;GROC_0098
GROC_0750,Nature's Best Fortified Pasta,Pantry & Staples,2 lbs,5.76,standard,Shop Nature's Best Fortified Pasta (2 lbs). Keywords: pantry  staples pasta nature's best fortified. Perfect for everyday meals and snacks.,GROC_0132;GROC_0320;GROC_0152
GROC_0751,Essential Fortified Jaggery,Pantry & Staples,5kg,6.49,standard,Shop Essential Fortified Jaggery (5kg). Keywords: pantry  staples jaggery essential fortified. Perfect for everyday meals and snacks.,GROC_0919;GROC_0511
GROC_0752,MorningDew Rice,Pantry & Staples,2 lbs,5.96,standard,Shop MorningDew Rice (2 lbs). Keywords: pantry  staples rice morningdew . Perfect for everyday meals and snacks.,GROC_0090
GROC_0753,Everyday Basics Macaroni,Pantry & Staples,500g,7.74,standard,Shop Everyday Basics Macaroni (500g). Keywords: pantry  staples macaroni everyday basics . Perfect for everyday meals and snacks.,GROC_0373;GROC_1042;GROC_0152
GROC_0754,MorningDew Fortified Noodles,Pantry & Staples,5kg,11.55,standard,Shop MorningDew Fortified Noodles (5kg). Keywords: pantry  staples noodles morningdew fortified. Perfect for everyday meals and snacks.,GROC_0751
GROC_0755,Value Choice Unpolished Vinegar,Pantry & Staples,2 lbs,7.85,standard,Shop Value Choice Unpolished Vinegar (2 lbs). Keywords: pantry  staples vinegar value choice unpolished. Perfect for everyday meals and snacks.,GROC_0887;GROC_0292
GROC_0756,FarmFresh Refined Tomato Ketchup,Pantry & Staples,1kg,5.83,standard,Shop FarmFresh Refined Tomato Ketchup (1kg). Keywords: pantry  staples tomato ketchup farmfresh refined. Perfect for everyday meals and snacks.,GROC_0958;GROC_0740;GROC_0859
GROC_0757,Everyday Basics Poha,Pantry & Staples,2 lbs,5.74,standard,Shop Everyday Basics Poha (2 lbs). Keywords: pantry  staples poha everyday basics . Perfect for everyday meals and snacks.,GROC_0813;GROC_0184
GROC_0758,SunKissed Jaggery,Pantry & Staples,2kg,9.94,standard,Shop SunKissed Jaggery (2kg). Keywords: pantry  staples jaggery sunkissed . Perfect for everyday meals and snacks.,GROC_0348;GROC_0897;GROC_1089
GROC_0759,Harvest Sugar,Pantry & Staples,1 lb,5.04,standard,Shop Harvest Sugar (1 lb). Keywords: pantry  staples sugar harvest . Perfect for everyday meals and snacks.,GROC_0335
GROC_0760,Value Choice Unpolished Salt,Pantry & Staples,5kg,11.29,standard,Shop Value Choice Unpolished Salt (5kg). Keywords: pantry  staples salt value choice unpolished. Perfect for everyday meals and snacks.,GROC_0026;GROC_0763
GROC_0761,Nature's Best Organic Besan,Pantry & Staples,2kg,6.43,organic,Shop Nature's Best Organic Besan (2kg). Keywords: pantry  staples besan nature's best organic. Perfect for everyday meals and snacks.,GROC_0497;GROC_0859
GROC_0762,MorningDew Refined Soy Sauce,Pantry & Staples,1 lb,9.74,standard,Shop MorningDew Refined Soy Sauce (1 lb). Keywords: pantry  staples soy sauce morningdew refined. Perfect for everyday meals and snacks.,GROC_0069
GROC_0763,GreenValley Organic Poha,Pantry & Staples,500g,8.81,organic,Shop GreenValley Organic Poha (500g). Keywords: pantry  staples poha greenvalley organic. Perfect for everyday meals and snacks.,GROC_0726;GROC_0030
GROC_0764,SunKissed Fortified Vinegar,Pantry & Staples,100g,11.4,standard,Shop SunKissed Fortified Vinegar (100g). Keywords: pantry  staples vinegar sunkissed fortified. Perfect for everyday meals and snacks.,GROC_0993
GROC_0765,Chef's Choice Basmati Rice,Pantry & Staples,1kg,4.72,standard,Shop Chef's Choice Basmati Rice (1kg). Keywords: pantry  staples basmati rice chef's choice . Perfect for everyday meals and snacks.,GROC_0832;GROC_0899
GROC_0766,PureHarvest Fortified Mayonnaise,Pantry & Staples,1kg,11.54,standard,Shop PureHarvest Fortified Mayonnaise (1kg). Keywords: pantry  staples mayonnaise pureharvest fortified. Perfect for everyday meals and snacks.,GROC_0955;GROC_0222
GROC_0767,Daily Delight Organic Rice,Pantry & Staples,2kg,15.45,organic,Shop Daily Delight Organic Rice (2kg). Keywords: pantry  staples rice daily delight organic. Perfect for everyday meals and snacks.,GROC_0828;GROC_0384
GROC_0768,FarmFresh Flour,Pantry & Staples,100g,12.01,standard,Shop FarmFresh Flour (100g). Keywords: pantry  staples flour farmfresh . Perfect for everyday meals and snacks.,GROC_0868
GROC_0769,Premium Select Refined Dalia,Pantry & Staples,5kg,15.22,standard,Shop Premium Select Refined Dalia (5kg). Keywords: pantry  staples dalia premium select refined. Perfect for everyday meals and snacks.,GROC_0055;GROC_0595;GROC_0238
GROC_0770,PureHarvest Mayonnaise,Pantry & Staples,500g,3.89,standard,Shop PureHarvest Mayonnaise (500g). Keywords: pantry  staples mayonnaise pureharvest . Perfect for everyday meals and snacks.,GROC_0534;GROC_0853
GROC_0771,Everyday Basics Organic Tomato Ketchup,Pantry & Staples,100g,17.52,organic,Shop Everyday Basics Organic Tomato Ketchup (100g). Keywords: pantry  staples tomato ketchup everyday basics organic. Perfect for everyday meals and snacks.,GROC_1074
GROC_0772,Everyday Basics Refined Tomato Ketchup,Pantry & Staples,1 lb,2.95,standard,Shop Everyday Basics Refined Tomato Ketchup (1 lb). Keywords: pantry  staples tomato ketchup everyday basics refined. Perfect for everyday meals and snacks.,GROC_0839
GROC_0773,SunKissed Refined Sugar,Pantry & Staples,500g,1.32,standard,Shop SunKissed Refined Sugar (500g). Keywords: pantry  staples sugar sunkissed refined. Perfect for everyday meals and snacks.,GROC_0058;GROC_0503
GROC_0774,Daily Delight Organic Basmati Rice,Pantry & Staples,2kg,12.26,organic,Shop Daily Delight Organic Basmati Rice (2kg). Keywords: pantry  staples basmati rice daily delight organic. Perfect for everyday meals and snacks.,GROC_0641
GROC_0775,Premium Select Unpolished Besan,Pantry & Staples,5kg,10.01,standard,Shop Premium Select Unpolished Besan (5kg). Keywords: pantry  staples besan premium select unpolished. Perfect for everyday meals and snacks.,GROC_0251
GROC_0776,FarmFresh Organic Besan,Pantry & Staples,100g,12.26,organic,Shop FarmFresh Organic Besan (100g). Keywords: pantry  staples besan farmfresh organic. Perfect for everyday meals and snacks.,GROC_0793
GROC_0777,MorningDew Organic Poha,Pantry & Staples,250g,5.63,organic,Shop MorningDew Organic Poha (250g). Keywords: pantry  staples poha morningdew organic. Perfect for everyday meals and snacks.,GROC_0696;GROC_0409
GROC_0778,SunKissed Unpolished Salt,Pantry & Staples,5kg,11.74,standard,Shop SunKissed Unpolished Salt (5kg). Keywords: pantry  staples salt sunkissed unpolished. Perfect for everyday meals and snacks.,GROC_0515;GROC_0721;GROC_0744
GROC_0779,Gold Standard Organic Cooking Oil,Pantry & Staples,5kg,16.23,organic,Shop Gold Standard Organic Cooking Oil (5kg). Keywords: pantry  staples cooking oil gold standard organic. Perfect for everyday meals and snacks.,GROC_0561
GROC_0780,Chef's Choice Fortified Besan,Pantry & Staples,2 lbs,2.22,standard,Shop Chef's Choice Fortified Besan (2 lbs). Keywords: pantry  staples besan chef's choice fortified. Perfect for everyday meals and snacks.,GROC_1083;GROC_0734
GROC_0781,GreenValley Fortified Mayonnaise,Pantry & Staples,1 lb,8.76,standard,Shop GreenValley Fortified Mayonnaise (1 lb). Keywords: pantry  staples mayonnaise greenvalley fortified. Perfect for everyday meals and snacks.,GROC_0729;GROC_0140;GROC_0648
GROC_0782,Value Choice Poha,Pantry & Staples,5kg,6.77,standard,Shop Value Choice Poha (5kg). Keywords: pantry  staples poha value choice . Perfect for everyday meals and snacks.,GROC_0647
GROC_0783,Value Choice Refined Jaggery,Pantry & Staples,1 lb,4.12,standard,Shop Value Choice Refined Jaggery (1 lb). Keywords: pantry  staples jaggery value choice refined. Perfect for everyday meals and snacks.,GROC_0981
GROC_0784,Harvest Organic Dalia,Pantry & Staples,5kg,3.9,organic,Shop Harvest Organic Dalia (5kg). Keywords: pantry  staples dalia harvest organic. Perfect for everyday meals and snacks.,GROC_1009;GROC_0069
GROC_0785,Harvest Fortified Flour,Pantry & Staples,250g,5.84,standard,Shop Harvest Fortified Flour (250g). Keywords: pantry  staples flour harvest fortified. Perfect for everyday meals and snacks.,GROC_0411;GROC_0408
GROC_0786,GreenValley Jaggery,Pantry & Staples,1kg,8.85,standard,Shop GreenValley Jaggery (1kg). Keywords: pantry  staples jaggery greenvalley . Perfect for everyday meals and snacks.,GROC_0372;GROC_0879;GROC_0990
GROC_0787,SunKissed Fortified Olive Oil,Pantry & Staples,250g,14.49,standard,Shop SunKissed Fortified Olive Oil (250g). Keywords: pantry  staples olive oil sunkissed fortified. Perfect for everyday meals and snacks.,GROC_0130;GROC_0615;GROC_0303
GROC_0788,Essential Refined Oats,Pantry & Staples,2kg,9.71,standard,Shop Essential Refined Oats (2kg). Keywords: pantry  staples oats essential refined. Perfect for everyday meals and snacks.,GROC_0677;GROC_0588
GROC_0789,GreenValley Refined Flour,Pantry & Staples,100g,7.08,standard,Shop GreenValley Refined Flour (100g). Keywords: pantry  staples flour greenvalley refined. Perfect for everyday meals and snacks.,GROC_0959;GROC_0793
GROC_0790,Essential Refined Atta,Pantry & Staples,1kg,2.16,standard,Shop Essential Refined Atta (1kg). Keywords: pantry  staples atta essential refined. Perfect for everyday meals and snacks.,GROC_0619
GROC_0791,SunKissed Fortified Macaroni,Pantry & Staples,5kg,10.15,standard,Shop SunKissed Fortified Macaroni (5kg). Keywords: pantry  staples macaroni sunkissed fortified. Perfect for everyday meals and snacks.,GROC_0082
GROC_0792,GreenValley Atta,Pantry & Staples,1 lb,3.66,standard,Shop GreenValley Atta (1 lb). Keywords: pantry  staples atta greenvalley . Perfect for everyday meals and snacks.,GROC_0608;GROC_0719;GROC_0550
GROC_0793,SunKissed Unpolished Flour,Pantry & Staples,5kg,10.45,standard,Shop SunKissed Unpolished Flour (5kg). Keywords: pantry  staples flour sunkissed unpolished. Perfect for everyday meals and snacks.,GROC_0067;GROC_0246;GROC_1049
GROC_0794,OrganicLife Fortified Jaggery,Pantry & Staples,5kg,6.33,organic,Shop OrganicLife Fortified Jaggery (5kg). Keywords: pantry  staples jaggery organiclife fortified. Perfect for everyday meals and snacks.,GROC_0735
GROC_0795,Gold Standard Fortified Noodles,Pantry & Staples,250g,7.95,standard,Shop Gold Standard Fortified Noodles (250g). Keywords: pantry  staples noodles gold standard fortified. Perfect for everyday meals and snacks.,GROC_0797
GROC_0796,Nature's Best Organic Poha,Pantry & Staples,100g,9.79,organic,Shop Nature's Best Organic Poha (100g). Keywords: pantry  staples poha nature's best organic. Perfect for everyday meals and snacks.,GROC_0338;GROC_0650;GROC_0837
GROC_0797,PureHarvest Unpolished Besan,Pantry & Staples,5kg,1.64,standard,Shop PureHarvest Unpolished Besan (5kg). Keywords: pantry  staples besan pureharvest unpolished. Perfect for everyday meals and snacks.,GROC_0098
GROC_0798,Daily Delight Refined Macaroni,Pantry & Staples,2kg,5.9,standard,Shop Daily Delight Refined Macaroni (2kg). Keywords: pantry  staples macaroni daily delight refined. Perfect for everyday meals and snacks.,GROC_0772;GROC_0850
GROC_0799,Harvest Organic Oats,Pantry & Staples,100g,6.7,organic,Shop Harvest Organic Oats (100g). Keywords: pantry  staples oats harvest organic. Perfect for everyday meals and snacks.,GROC_0561;GROC_0720
GROC_0800,Daily Delight Unpolished Dalia,Pantry & Staples,500g,4.98,standard,Shop Daily Delight Unpolished Dalia (500g). Keywords: pantry  staples dalia daily delight unpolished. Perfect for everyday meals and snacks.,GROC_0330;GROC_0946;GROC_0328
GROC_0801,OrganicLife Atta,Pantry & Staples,250g,8.98,organic,Shop OrganicLife Atta (250g). Keywords: pantry  staples atta organiclife . Perfect for everyday meals and snacks.,GROC_0288;GROC_0413;GROC_0876
GROC_0802,MorningDew Fortified Maida,Pantry & Staples,1kg,10.16,standard,Shop MorningDew Fortified Maida (1kg). Keywords: pantry  staples maida morningdew fortified. Perfect for everyday meals and snacks.,GROC_1058
GROC_0803,MorningDew Organic Tomato Ketchup,Pantry & Staples,500g,11.71,organic,Shop MorningDew Organic Tomato Ketchup (500g). Keywords: pantry  staples tomato ketchup morningdew organic. Perfect for everyday meals and snacks.,GROC_0515
GROC_0804,PureHarvest Unpolished Suji,Pantry & Staples,2 lbs,12.57,standard,Shop PureHarvest Unpolished Suji (2 lbs). Keywords: pantry  staples suji pureharvest unpolished. Perfect for everyday meals and snacks.,GROC_0686;GROC_0154
GROC_0805,FarmFresh Fortified Olive Oil,Pantry & Staples,250g,8.38,standard,Shop FarmFresh Fortified Olive Oil (250g). Keywords: pantry  staples olive oil farmfresh fortified. Perfect for everyday meals and snacks.,GROC_0815
GROC_0806,FarmFresh Fortified Cooking Oil,Pantry & Staples,1 lb,8.28,standard,Shop FarmFresh Fortified Cooking Oil (1 lb). Keywords: pantry  staples cooking oil farmfresh fortified. Perfect for everyday meals and snacks.,GROC_0968;GROC_0107;GROC_1067
GROC_0807,Harvest Refined Dalia,Pantry & Staples,1 lb,2.54,standard,Shop Harvest Refined Dalia (1 lb). Keywords: pantry  staples dalia harvest refined. Perfect for everyday meals and snacks.,GROC_0483;GROC_0976;GROC_0654
GROC_0808,Chef's Choice Organic Olive Oil,Pantry & Staples,5kg,9.48,organic,Shop Chef's Choice Organic Olive Oil (5kg). Keywords: pantry  staples olive oil chef's choice organic. Perfect for everyday meals and snacks.,GROC_0822
GROC_0809,Everyday Basics Unpolished Mayonnaise,Pantry & Staples,1 lb,11.65,standard,Shop Everyday Basics Unpolished Mayonnaise (1 lb). Keywords: pantry  staples mayonnaise everyday basics unpolished. Perfect for everyday meals and snacks.,GROC_0820;GROC_0712
GROC_0810,OrganicLife Refined Macaroni,Pantry & Staples,100g,13.99,organic,Shop OrganicLife Refined Macaroni (100g). Keywords: pantry  staples macaroni organiclife refined. Perfect for everyday meals and snacks.,GROC_0913;GROC_0017
GROC_0811,Harvest Atta,Pantry & Staples,2 lbs,3.73,standard,Shop Harvest Atta (2 lbs). Keywords: pantry  staples atta harvest . Perfect for everyday meals and snacks.,GROC_0921
GROC_0812,Premium Select Fortified Macaroni,Pantry & Staples,250g,9.86,standard,Shop Premium Select Fortified Macaroni (250g). Keywords: pantry  staples macaroni premium select fortified. Perfect for everyday meals and snacks.,GROC_0879
GROC_0813,OrganicLife Unpolished Noodles,Pantry & Staples,250g,16.11,organic,Shop OrganicLife Unpolished Noodles (250g). Keywords: pantry  staples noodles organiclife unpolished. Perfect for everyday meals and snacks.,GROC_0261;GROC_0945;GROC_0017
GROC_0814,MorningDew Fortified Sugar,Pantry & Staples,250g,12.93,standard,Shop MorningDew Fortified Sugar (250g). Keywords: pantry  staples sugar morningdew fortified. Perfect for everyday meals and snacks.,GROC_0571;GROC_0357;GROC_0704
GROC_0815,Nature's Best Besan,Pantry & Staples,250g,9.27,standard,Shop Nature's Best Besan (250g). Keywords: pantry  staples besan nature's best . Perfect for everyday meals and snacks.,GROC_0396;GROC_0884;GROC_0123
GROC_0816,Gold Standard Vinegar,Pantry & Staples,2 lbs,7.56,standard,Shop Gold Standard Vinegar (2 lbs). Keywords: pantry  staples vinegar gold standard . Perfect for everyday meals and snacks.,GROC_0749;GROC_0791
GROC_0817,SunKissed Organic Tomato Ketchup,Pantry & Staples,1kg,13.07,organic,Shop SunKissed Organic Tomato Ketchup (1kg). Keywords: pantry  staples tomato ketchup sunkissed organic. Perfect for everyday meals and snacks.,GROC_0014
GROC_0818,FarmFresh Unpolished Suji,Pantry & Staples,5kg,8.93,standard,Shop FarmFresh Unpolished Suji (5kg). Keywords: pantry  staples suji farmfresh unpolished. Perfect for everyday meals and snacks.,GROC_0154;GROC_0056;GROC_0897
GROC_0819,SunKissed Unpolished Poha,Pantry & Staples,1kg,10.96,standard,Shop SunKissed Unpolished Poha (1kg). Keywords: pantry  staples poha sunkissed unpolished. Perfect for everyday meals and snacks.,GROC_0966;GROC_0669
GROC_0820,Chef's Choice Refined Noodles,Pantry & Staples,500g,2.36,standard,Shop Chef's Choice Refined Noodles (500g). Keywords: pantry  staples noodles chef's choice refined. Perfect for everyday meals and snacks.,GROC_0566;GROC_0932;GROC_0976
GROC_0821,OrganicLife Refined Maida,Pantry & Staples,2 lbs,4.08,organic,Shop OrganicLife Refined Maida (2 lbs). Keywords: pantry  staples maida organiclife refined. Perfect for everyday meals and snacks.,GROC_0827
GROC_0822,Gold Standard Unpolished Cereal,Pantry & Staples,2kg,4.96,standard,Shop Gold Standard Unpolished Cereal (2kg). Keywords: pantry  staples cereal gold standard unpolished. Perfect for everyday meals and snacks.,GROC_0103;GROC_0612
GROC_0823,FarmFresh Rice,Pantry & Staples,500g,11.01,standard,Shop FarmFresh Rice (500g). Keywords: pantry  staples rice farmfresh . Perfect for everyday meals and snacks.,GROC_0922
GROC_0824,Gold Standard Besan,Pantry & Staples,1kg,10.34,standard,Shop Gold Standard Besan (1kg). Keywords: pantry  staples besan gold standard . Perfect for everyday meals and snacks.,GROC_0448
GROC_0825,SunKissed Refined Pasta,Pantry & Staples,500g,8.72,standard,Shop SunKissed Refined Pasta (500g). Keywords: pantry  staples pasta sunkissed refined. Perfect for everyday meals and snacks.,GROC_0077;GROC_0950
GROC_0826,Value Choice Unpolished Soy Sauce,Pantry & Staples,5kg,1.59,standard,Shop Value Choice Unpolished Soy Sauce (5kg). Keywords: pantry  staples soy sauce value choice unpolished. Perfect for everyday meals and snacks.,GROC_0913;GROC_1088
GROC_0827,MorningDew Unpolished Cooking Oil,Pantry & Staples,1 lb,14.85,standard,Shop MorningDew Unpolished Cooking Oil (1 lb). Keywords: pantry  staples cooking oil morningdew unpolished. Perfect for everyday meals and snacks.,GROC_0222;GROC_0193;GROC_0157
GROC_0828,Essential Noodles,Pantry & Staples,250g,11.21,standard,Shop Essential Noodles (250g). Keywords: pantry  staples noodles essential . Perfect for everyday meals and snacks.,GROC_0306;GROC_0572
GROC_0829,GreenValley Refined Besan,Pantry & Staples,1kg,5.28,standard,Shop GreenValley Refined Besan (1kg). Keywords: pantry  staples besan greenvalley refined. Perfect for everyday meals and snacks.,GROC_0652;GROC_0729
GROC_0830,Everyday Basics Soy Sauce,Pantry & Staples,5kg,5.46,standard,Shop Everyday Basics Soy Sauce (5kg). Keywords: pantry  staples soy sauce everyday basics . Perfect for everyday meals and snacks.,GROC_0291;GROC_0607;GROC_0248
GROC_0831,Daily Delight Unpolished Jaggery,Pantry & Staples,500g,5.79,standard,Shop Daily Delight Unpolished Jaggery (500g). Keywords: pantry  staples jaggery daily delight unpolished. Perfect for everyday meals and snacks.,GROC_0878
GROC_0832,GreenValley Vinegar,Pantry & Staples,1kg,2.58,standard,Shop GreenValley Vinegar (1kg). Keywords: pantry  staples vinegar greenvalley . Perfect for everyday meals and snacks.,GROC_0076;GROC_1092
GROC_0833,Essential Basmati Rice,Pantry & Staples,1kg,5.98,standard,Shop Essential Basmati Rice (1kg). Keywords: pantry  staples basmati rice essential . Perfect for everyday meals and snacks.,GROC_0020
GROC_0834,Gold Standard Organic Oats,Pantry & Staples,100g,11.66,organic,Shop Gold Standard Organic Oats (100g). Keywords: pantry  staples oats gold standard organic. Perfect for everyday meals and snacks.,GROC_0787
GROC_0835,Everyday Basics Organic Cooking Oil,Pantry & Staples,250g,16.5,organic,Shop Everyday Basics Organic Cooking Oil (250g). Keywords: pantry  staples cooking oil everyday basics organic. Perfect for everyday meals and snacks.,GROC_0629;GROC_0339
GROC_0836,Nature's Best Unpolished Tomato Ketchup,Pantry & Staples,2 lbs,1.54,standard,Shop Nature's Best Unpolished Tomato Ketchup (2 lbs). Keywords: pantry  staples tomato ketchup nature's best unpolished. Perfect for everyday meals and snacks.,GROC_0315
GROC_0837,GreenValley Sugar,Pantry & Staples,1 lb,9.44,standard,Shop GreenValley Sugar (1 lb). Keywords: pantry  staples sugar greenvalley . Perfect for everyday meals and snacks.,GROC_0200
GROC_0838,Chef's Choice Refined Besan,Pantry & Staples,2kg,7.22,standard,Shop Chef's Choice Refined Besan (2kg). Keywords: pantry  staples besan chef's choice refined. Perfect for everyday meals and snacks.,GROC_0773;GROC_0136;GROC_0793
GROC_0839,SunKissed Unpolished Dalia,Pantry & Staples,500g,8.93,standard,Shop SunKissed Unpolished Dalia (500g). Keywords: pantry  staples dalia sunkissed unpolished. Perfect for everyday meals and snacks.,GROC_0711;GROC_0107;GROC_1003
GROC_0840,Gold Standard Unpolished Flour,Pantry & Staples,1 lb,2.77,standard,Shop Gold Standard Unpolished Flour (1 lb). Keywords: pantry  staples flour gold standard unpolished. Perfect for everyday meals and snacks.,GROC_0712;GROC_0305;GROC_0741
GROC_0841,Harvest Cereal,Pantry & Staples,250g,8.71,standard,Shop Harvest Cereal (250g). Keywords: pantry  staples cereal harvest . Perfect for everyday meals and snacks.,GROC_0875
GROC_0842,Chef's Choice Unpolished Atta,Pantry & Staples,100g,11.42,standard,Shop Chef's Choice Unpolished Atta (100g). Keywords: pantry  staples atta chef's choice unpolished. Perfect for everyday meals and snacks.,GROC_0546
GROC_0843,MorningDew Refined Pasta,Pantry & Staples,100g,3.88,standard,Shop MorningDew Refined Pasta (100g). Keywords: pantry  staples pasta morningdew refined. Perfect for everyday meals and snacks.,GROC_0255;GROC_0071;GROC_0060
GROC_0844,PureHarvest Organic Suji,Pantry & Staples,2 lbs,2.71,organic,Shop PureHarvest Organic Suji (2 lbs). Keywords: pantry  staples suji pureharvest organic. Perfect for everyday meals and snacks.,GROC_1004;GROC_0806
GROC_0845,Gold Standard Tomato Ketchup,Pantry & Staples,1 lb,12.76,standard,Shop Gold Standard Tomato Ketchup (1 lb). Keywords: pantry  staples tomato ketchup gold standard . Perfect for everyday meals and snacks.,GROC_0145;GROC_0313;GROC_0467
GROC_0846,FarmFresh Vinegar,Pantry & Staples,250g,10.49,standard,Shop FarmFresh Vinegar (250g). Keywords: pantry  staples vinegar farmfresh . Perfect for everyday meals and snacks.,GROC_0304;GROC_0227
GROC_0847,GreenValley Fortified Poha,Pantry & Staples,5kg,7.74,standard,Shop GreenValley Fortified Poha (5kg). Keywords: pantry  staples poha greenvalley fortified. Perfect for everyday meals and snacks.,GROC_0423;GROC_0665
GROC_0848,GreenValley Refined Suji,Pantry & Staples,100g,5.35,standard,Shop GreenValley Refined Suji (100g). Keywords: pantry  staples suji greenvalley refined. Perfect for everyday meals and snacks.,GROC_0405
GROC_0849,Essential Unpolished Basmati Rice,Pantry & Staples,2kg,4.97,standard,Shop Essential Unpolished Basmati Rice (2kg). Keywords: pantry  staples basmati rice essential unpolished. Perfect for everyday meals and snacks.,GROC_0083;GROC_0389;GROC_0015
GROC_0850,Everyday Basics Refined Poha,Pantry & Staples,100g,9.58,standard,Shop Everyday Basics Refined Poha (100g). Keywords: pantry  staples poha everyday basics refined. Perfect for everyday meals and snacks.,GROC_0123;GROC_0726
GROC_0851,Nature's Best Noodles,Pantry & Staples,2kg,5.09,standard,Shop Nature's Best Noodles (2kg). Keywords: pantry  staples noodles nature's best . Perfect for everyday meals and snacks.,GROC_0612;GROC_0637;GROC_0538
GROC_0852,MorningDew Fortified Suji,Pantry & Staples,5kg,7.25,standard,Shop MorningDew Fortified Suji (5kg). Keywords: pantry  staples suji morningdew fortified. Perfect for everyday meals and snacks.,GROC_1035
GROC_0853,Nature's Best Organic Dalia,Pantry & Staples,250g,9.66,organic,Shop Nature's Best Organic Dalia (250g). Keywords: pantry  staples dalia nature's best organic. Perfect for everyday meals and snacks.,GROC_0962
GROC_0854,SunKissed Dalia,Pantry & Staples,2 lbs,4.04,standard,Shop SunKissed Dalia (2 lbs). Keywords: pantry  staples dalia sunkissed . Perfect for everyday meals and snacks.,GROC_1014
GROC_0855,Premium Select Unpolished Maida,Pantry & Staples,500g,5.01,standard,Shop Premium Select Unpolished Maida (500g). Keywords: pantry  staples maida premium select unpolished. Perfect for everyday meals and snacks.,GROC_0340;GROC_0715
GROC_0856,SunKissed Maida,Pantry & Staples,1 lb,10.08,standard,Shop SunKissed Maida (1 lb). Keywords: pantry  staples maida sunkissed . Perfect for everyday meals and snacks.,GROC_0615;GROC_0839;GROC_0290
GROC_0857,Harvest Unpolished Basmati Rice,Pantry & Staples,500g,6.48,standard,Shop Harvest Unpolished Basmati Rice (500g). Keywords: pantry  staples basmati rice harvest unpolished. Perfect for everyday meals and snacks.,GROC_0564;GROC_0467
GROC_0858,Chef's Choice Unpolished Oats,Pantry & Staples,1kg,1.04,standard,Shop Chef's Choice Unpolished Oats (1kg). Keywords: pantry  staples oats chef's choice unpolished. Perfect for everyday meals and snacks.,GROC_0650;GROC_0025;GROC_0379
GROC_0859,Chef's Choice Fortified Basmati Rice,Pantry & Staples,2 lbs,6.79,standard,Shop Chef's Choice Fortified Basmati Rice (2 lbs). Keywords: pantry  staples basmati rice chef's choice fortified. Perfect for everyday meals and snacks.,GROC_1096;GROC_0272
GROC_0860,MorningDew Fortified Mayonnaise,Pantry & Staples,1kg,3.07,standard,Shop MorningDew Fortified Mayonnaise (1kg). Keywords: pantry  staples mayonnaise morningdew fortified. Perfect for everyday meals and snacks.,GROC_0469
GROC_0861,Nature's Best Fortified Macaroni,Pantry & Staples,2 lbs,8.26,standard,Shop Nature's Best Fortified Macaroni (2 lbs). Keywords: pantry  staples macaroni nature's best fortified. Perfect for everyday meals and snacks.,GROC_0634
GROC_0862,Chef's Choice Unpolished Jaggery,Pantry & Staples,2 lbs,12.74,standard,Shop Chef's Choice Unpolished Jaggery (2 lbs). Keywords: pantry  staples jaggery chef's choice unpolished. Perfect for everyday meals and snacks.,GROC_1048
GROC_0863,MorningDew Refined Dalia,Pantry & Staples,2kg,5.76,standard,Shop MorningDew Refined Dalia (2kg). Keywords: pantry  staples dalia morningdew refined. Perfect for everyday meals and snacks.,GROC_0001;GROC_0173
GROC_0864,Value Choice Organic Jaggery,Pantry & Staples,100g,3.71,organic,Shop Value Choice Organic Jaggery (100g). Keywords: pantry  staples jaggery value choice organic. Perfect for everyday meals and snacks.,GROC_0816;GROC_0181;GROC_0015
GROC_0865,SunKissed Fortified Poha,Pantry & Staples,5kg,11.32,standard,Shop SunKissed Fortified Poha (5kg). Keywords: pantry  staples poha sunkissed fortified. Perfect for everyday meals and snacks.,GROC_0603
GROC_0866,SunKissed Organic Dalia,Pantry & Staples,2kg,4.91,organic,Shop SunKissed Organic Dalia (2kg). Keywords: pantry  staples dalia sunkissed organic. Perfect for everyday meals and snacks.,GROC_0412
GROC_0867,Value Choice Organic Dalia,Pantry & Staples,1 lb,17.87,organic,Shop Value Choice Organic Dalia (1 lb). Keywords: pantry  staples dalia value choice organic. Perfect for everyday meals and snacks.,GROC_0588;GROC_0307
GROC_0868,Daily Delight Suji,Pantry & Staples,1 lb,10.12,standard,Shop Daily Delight Suji (1 lb). Keywords: pantry  staples suji daily delight . Perfect for everyday meals and snacks.,GROC_0288
GROC_0869,Gold Standard Fortified Cereal,Pantry & Staples,2 lbs,4.42,standard,Shop Gold Standard Fortified Cereal (2 lbs). Keywords: pantry  staples cereal gold standard fortified. Perfect for everyday meals and snacks.,GROC_0541
GROC_0870,FarmFresh Organic Noodles,Pantry & Staples,2 lbs,2.28,organic,Shop FarmFresh Organic Noodles (2 lbs). Keywords: pantry  staples noodles farmfresh organic. Perfect for everyday meals and snacks.,GROC_0533;GROC_0933
GROC_0871,Premium Select Organic Basmati Rice,Pantry & Staples,5kg,17.91,organic,Shop Premium Select Organic Basmati Rice (5kg). Keywords: pantry  staples basmati rice premium select organic. Perfect for everyday meals and snacks.,GROC_0361;GROC_0708
GROC_0872,Value Choice Besan,Pantry & Staples,1kg,9.28,standard,Shop Value Choice Besan (1kg). Keywords: pantry  staples besan value choice . Perfect for everyday meals and snacks.,GROC_0289
GROC_0873,Premium Select Refined Salt,Pantry & Staples,250g,15.06,standard,Shop Premium Select Refined Salt (250g). Keywords: pantry  staples salt premium select refined. Perfect for everyday meals and snacks.,GROC_0925;GROC_0075;GROC_0454
GROC_0874,Everyday Basics Fortified Noodles,Pantry & Staples,2kg,5.66,standard,Shop Everyday Basics Fortified Noodles (2kg). Keywords: pantry  staples noodles everyday basics fortified. Perfect for everyday meals and snacks.,GROC_0202;GROC_0668;GROC_0446
GROC_0875,PureHarvest Refined Olive Oil,Pantry & Staples,2 lbs,17.58,standard,Shop PureHarvest Refined Olive Oil (2 lbs). Keywords: pantry  staples olive oil pureharvest refined. Perfect for everyday meals and snacks.,GROC_0677;GROC_0817;GROC_0102
GROC_0876,FarmFresh Organic Basmati Rice,Pantry & Staples,5kg,11.81,organic,Shop FarmFresh Organic Basmati Rice (5kg). Keywords: pantry  staples basmati rice farmfresh organic. Perfect for everyday meals and snacks.,GROC_0380;GROC_0011;GROC_0708
GROC_0877,Essential Refined Soy Sauce,Pantry & Staples,2kg,10.05,standard,Shop Essential Refined Soy Sauce (2kg). Keywords: pantry  staples soy sauce essential refined. Perfect for everyday meals and snacks.,GROC_0424;GROC_0029;GROC_0850
GROC_0878,Gold Standard Salt,Pantry & Staples,1kg,3.23,standard,Shop Gold Standard Salt (1kg). Keywords: pantry  staples salt gold standard . Perfect for everyday meals and snacks.,GROC_0737;GROC_0091;GROC_0856
GROC_0879,SunKissed Unpolished Atta,Pantry & Staples,500g,1.48,standard,Shop SunKissed Unpolished Atta (500g). Keywords: pantry  staples atta sunkissed unpolished. Perfect for everyday meals and snacks.,GROC_0761;GROC_0339
GROC_0880,Chef's Choice Organic Sugar,Pantry & Staples,5kg,4.09,organic,Shop Chef's Choice Organic Sugar (5kg). Keywords: pantry  staples sugar chef's choice organic. Perfect for everyday meals and snacks.,GROC_0953;GROC_0740;GROC_0972
GROC_0881,FarmFresh Salted Mineral Water,Beverages & Snacks,1.5L,9.51,standard,Shop FarmFresh Salted Mineral Water (1.5L). Keywords: beverages  snacks mineral water farmfresh salted. Perfect for everyday meals and snacks.,GROC_0634;GROC_0866
GROC_0882,FarmFresh Sugar-Free Orange Juice,Beverages & Snacks,1L,8.15,sugar_free;low_calorie,Shop FarmFresh Sugar-Free Orange Juice (1L). Keywords: beverages  snacks orange juice farmfresh sugar-free. Perfect for everyday meals and snacks.,GROC_0774;GROC_0692
GROC_0883,Essential Salted Trail Mix,Beverages & Snacks,5kg,10.47,standard,Shop Essential Salted Trail Mix (5kg). Keywords: beverages  snacks trail mix essential salted. Perfect for everyday meals and snacks.,GROC_0329;GROC_0788
GROC_0884,OrganicLife Extra Crunchy Cashews,Beverages & Snacks,500g,13.28,organic,Shop OrganicLife Extra Crunchy Cashews (500g). Keywords: beverages  snacks cashews organiclife extra crunchy. Perfect for everyday meals and snacks.,GROC_0584
GROC_0885,Premium Select Roasted Almonds,Beverages & Snacks,1kg,2.53,standard,Shop Premium Select Roasted Almonds (1kg). Keywords: beverages  snacks almonds premium select roasted. Perfect for everyday meals and snacks.,GROC_0890;GROC_0953;GROC_0474
GROC_0886,Daily Delight Roasted Almonds,Beverages & Snacks,2 lbs,7.43,standard,Shop Daily Delight Roasted Almonds (2 lbs). Keywords: beverages  snacks almonds daily delight roasted. Perfect for everyday meals and snacks.,GROC_0606;GROC_0246;GROC_0620
GROC_0887,OrganicLife Diet Green Tea,Beverages & Snacks,2kg,12.53,organic;sugar_free;low_calorie,Shop OrganicLife Diet Green Tea (2kg). Keywords: beverages  snacks green tea organiclife diet. Perfect for everyday meals and snacks.,GROC_0037;GROC_1016;GROC_0689
GROC_0888,OrganicLife Diet Popcorn,Beverages & Snacks,5kg,17.35,organic;sugar_free;low_calorie,Shop OrganicLife Diet Popcorn (5kg). Keywords: beverages  snacks popcorn organiclife diet. Perfect for everyday meals and snacks.,GROC_0594
GROC_0889,Chef's Choice Roasted Trail Mix,Beverages & Snacks,100g,10.87,standard,Shop Chef's Choice Roasted Trail Mix (100g). Keywords: beverages  snacks trail mix chef's choice roasted. Perfect for everyday meals and snacks.,GROC_0945;GROC_0539
GROC_0890,Nature's Best Salted Coffee,Beverages & Snacks,1 lb,3.87,standard,Shop Nature's Best Salted Coffee (1 lb). Keywords: beverages  snacks coffee nature's best salted. Perfect for everyday meals and snacks.,GROC_0438;GROC_0806;GROC_0464
GROC_0891,Harvest Trail Mix,Beverages & Snacks,2kg,9.18,standard,Shop Harvest Trail Mix (2kg). Keywords: beverages  snacks trail mix harvest . Perfect for everyday meals and snacks.,GROC_0316
GROC_0892,PureHarvest Salted Popcorn,Beverages & Snacks,500g,4.07,standard,Shop PureHarvest Salted Popcorn (500g). Keywords: beverages  snacks popcorn pureharvest salted. Perfect for everyday meals and snacks.,GROC_1011
GROC_0893,FarmFresh Roasted Chips,Beverages & Snacks,1 lb,10.62,standard,Shop FarmFresh Roasted Chips (1 lb). Keywords: beverages  snacks chips farmfresh roasted. Perfect for everyday meals and snacks.,GROC_0611;GROC_0069;GROC_0342
GROC_0894,Gold Standard Sugar-Free Pretzels,Beverages & Snacks,250g,11.77,sugar_free;low_calorie,Shop Gold Standard Sugar-Free Pretzels (250g). Keywords: beverages  snacks pretzels gold standard sugar-free. Perfect for everyday meals and snacks.,GROC_1044;GROC_0359
GROC_0895,OrganicLife Soft Drinks,Beverages & Snacks,250ml,17.32,organic,Shop OrganicLife Soft Drinks (250ml). Keywords: beverages  snacks soft drinks organiclife . Perfect for everyday meals and snacks.,GROC_0061
GROC_0896,MorningDew Roasted Apple Juice,Beverages & Snacks,250ml,1.08,standard,Shop MorningDew Roasted Apple Juice (250ml). Keywords: beverages  snacks apple juice morningdew roasted. Perfect for everyday meals and snacks.,GROC_1004;GROC_0953
GROC_0897,Premium Select Extra Crunchy Green Tea,Beverages & Snacks,2kg,12.9,standard,Shop Premium Select Extra Crunchy Green Tea (2kg). Keywords: beverages  snacks green tea premium select extra crunchy. Perfect for everyday meals and snacks.,GROC_1074;GROC_0056
GROC_0898,Premium Select Spicy Hot Chocolate,Beverages & Snacks,2 lbs,15.11,standard,Shop Premium Select Spicy Hot Chocolate (2 lbs). Keywords: beverages  snacks hot chocolate premium select spicy. Perfect for everyday meals and snacks.,GROC_0107;GROC_0305;GROC_0633
GROC_0899,SunKissed Green Tea,Beverages & Snacks,1kg,6.5,standard,Shop SunKissed Green Tea (1kg). Keywords: beverages  snacks green tea sunkissed . Perfect for everyday meals and snacks.,GROC_0582;GROC_0959;GROC_0687
GROC_0900,FarmFresh Popcorn,Beverages & Snacks,500g,1.64,standard,Shop FarmFresh Popcorn (500g). Keywords: beverages  snacks popcorn farmfresh . Perfect for everyday meals and snacks.,GROC_0411;GROC_0421;GROC_0148
GROC_0901,Chef's Choice Roasted Mineral Water,Beverages & Snacks,500ml,10.85,standard,Shop Chef's Choice Roasted Mineral Water (500ml). Keywords: beverages  snacks mineral water chef's choice roasted. Perfect for everyday meals and snacks.,GROC_0102;GROC_0211
GROC_0902,PureHarvest Salted Mineral Water,Beverages & Snacks,1 Gallon,8.55,standard,Shop PureHarvest Salted Mineral Water (1 Gallon). Keywords: beverages  snacks mineral water pureharvest salted. Perfect for everyday meals and snacks.,GROC_0395;GROC_0465
GROC_0903,OrganicLife Salted Namkeen,Beverages & Snacks,250g,12.7,organic,Shop OrganicLife Salted Namkeen (250g). Keywords: beverages  snacks namkeen organiclife salted. Perfect for everyday meals and snacks.,GROC_0023
GROC_0904,FarmFresh Extra Crunchy Cashews,Beverages & Snacks,500g,9.94,standard,Shop FarmFresh Extra Crunchy Cashews (500g). Keywords: beverages  snacks cashews farmfresh extra crunchy. Perfect for everyday meals and snacks.,GROC_0401
GROC_0905,SunKissed Sugar-Free Tea,Beverages & Snacks,500g,12.13,sugar_free;low_calorie,Shop SunKissed Sugar-Free Tea (500g). Keywords: beverages  snacks tea sunkissed sugar-free. Perfect for everyday meals and snacks.,GROC_0609
GROC_0906,Value Choice Roasted Hot Chocolate,Beverages & Snacks,5kg,2.03,standard,Shop Value Choice Roasted Hot Chocolate (5kg). Keywords: beverages  snacks hot chocolate value choice roasted. Perfect for everyday meals and snacks.,GROC_0545;GROC_1003;GROC_0012
GROC_0907,PureHarvest Extra Crunchy Pretzels,Beverages & Snacks,2 lbs,8.92,standard,Shop PureHarvest Extra Crunchy Pretzels (2 lbs). Keywords: beverages  snacks pretzels pureharvest extra crunchy. Perfect for everyday meals and snacks.,GROC_0347;GROC_0037
GROC_0908,Daily Delight Diet Nuts,Beverages & Snacks,2kg,9.95,sugar_free;low_calorie,Shop Daily Delight Diet Nuts (2kg). Keywords: beverages  snacks nuts daily delight diet. Perfect for everyday meals and snacks.,GROC_0011;GROC_0350
GROC_0909,Value Choice Sugar-Free Cashews,Beverages & Snacks,1kg,9.12,sugar_free;low_calorie,Shop Value Choice Sugar-Free Cashews (1kg). Keywords: beverages  snacks cashews value choice sugar-free. Perfect for everyday meals and snacks.,GROC_0938;GROC_0789
GROC_0910,FarmFresh Biscuits,Beverages & Snacks,1kg,1.49,standard,Shop FarmFresh Biscuits (1kg). Keywords: beverages  snacks biscuits farmfresh . Perfect for everyday meals and snacks.,GROC_0486
GROC_0911,Everyday Basics Roasted Raisins,Beverages & Snacks,2 lbs,7.56,standard,Shop Everyday Basics Roasted Raisins (2 lbs). Keywords: beverages  snacks raisins everyday basics roasted. Perfect for everyday meals and snacks.,GROC_0089;GROC_0236;GROC_0442
GROC_0912,Value Choice Spicy Green Tea,Beverages & Snacks,2kg,9.89,standard,Shop Value Choice Spicy Green Tea (2kg). Keywords: beverages  snacks green tea value choice spicy. Perfect for everyday meals and snacks.,GROC_0272;GROC_1085;GROC_0037
GROC_0913,Premium Select Spicy Biscuits,Beverages & Snacks,2 lbs,15.69,standard,Shop Premium Select Spicy Biscuits (2 lbs). Keywords: beverages  snacks biscuits premium select spicy. Perfect for everyday meals and snacks.,GROC_0557;GROC_0496
GROC_0914,Daily Delight Diet Orange Juice,Beverages & Snacks,1L,8.39,sugar_free;low_calorie,Shop Daily Delight Diet Orange Juice (1L). Keywords: beverages  snacks orange juice daily delight diet. Perfect for everyday meals and snacks.,GROC_0211;GROC_0122
GROC_0915,Premium Select Diet Mineral Water,Beverages & Snacks,500ml,12.66,sugar_free;low_calorie,Shop Premium Select Diet Mineral Water (500ml). Keywords: beverages  snacks mineral water premium select diet. Perfect for everyday meals and snacks.,GROC_1084;GROC_0592
GROC_0916,Essential Extra Crunchy Raisins,Beverages & Snacks,250g,10.0,standard,Shop Essential Extra Crunchy Raisins (250g). Keywords: beverages  snacks raisins essential extra crunchy. Perfect for everyday meals and snacks.,GROC_0631;GROC_0063
GROC_0917,Gold Standard Sugar-Free Cashews,Beverages & Snacks,500g,9.05,sugar_free;low_calorie,Shop Gold Standard Sugar-Free Cashews (500g). Keywords: beverages  snacks cashews gold standard sugar-free. Perfect for everyday meals and snacks.,GROC_0366
GROC_0918,Nature's Best Spicy Mineral Water,Beverages & Snacks,1L,7.96,standard,Shop Nature's Best Spicy Mineral Water (1L). Keywords: beverages  snacks mineral water nature's best spicy. Perfect for everyday meals and snacks.,GROC_0098
GROC_0919,OrganicLife Spicy Popcorn,Beverages & Snacks,1kg,12.4,organic,Shop OrganicLife Spicy Popcorn (1kg). Keywords: beverages  snacks popcorn organiclife spicy. Perfect for everyday meals and snacks.,GROC_0580;GROC_0507
GROC_0920,Value Choice Diet Hot Chocolate,Beverages & Snacks,500g,4.8,sugar_free;low_calorie,Shop Value Choice Diet Hot Chocolate (500g). Keywords: beverages  snacks hot chocolate value choice diet. Perfect for everyday meals and snacks.,GROC_0138
GROC_0921,OrganicLife Spicy Pretzels,Beverages & Snacks,5kg,11.2,organic,Shop OrganicLife Spicy Pretzels (5kg). Keywords: beverages  snacks pretzels organiclife spicy. Perfect for everyday meals and snacks.,GROC_0520;GROC_0822
GROC_0922,Everyday Basics Extra Crunchy Raisins,Beverages & Snacks,1 lb,4.79,standard,Shop Everyday Basics Extra Crunchy Raisins (1 lb). Keywords: beverages  snacks raisins everyday basics extra crunchy. Perfect for everyday meals and snacks.,GROC_1019;GROC_0216
GROC_0923,Daily Delight Sugar-Free Namkeen,Beverages & Snacks,250g,3.94,sugar_free;low_calorie,Shop Daily Delight Sugar-Free Namkeen (250g). Keywords: beverages  snacks namkeen daily delight sugar-free. Perfect for everyday meals and snacks.,GROC_1078;GROC_0807
GROC_0924,SunKissed Sugar-Free Energy Drinks,Beverages & Snacks,2 lbs,11.07,sugar_free;low_calorie,Shop SunKissed Sugar-Free Energy Drinks (2 lbs). Keywords: beverages  snacks energy drinks sunkissed sugar-free. Perfect for everyday meals and snacks.,GROC_0801
GROC_0925,GreenValley Sugar-Free Orange Juice,Beverages & Snacks,2L,11.52,sugar_free;low_calorie,Shop GreenValley Sugar-Free Orange Juice (2L). Keywords: beverages  snacks orange juice greenvalley sugar-free. Perfect for everyday meals and snacks.,GROC_0110;GROC_0445
GROC_0926,Gold Standard Extra Crunchy Pretzels,Beverages & Snacks,1 lb,4.66,standard,Shop Gold Standard Extra Crunchy Pretzels (1 lb). Keywords: beverages  snacks pretzels gold standard extra crunchy. Perfect for everyday meals and snacks.,GROC_0964;GROC_0037
GROC_0927,Nature's Best Spicy Cashews,Beverages & Snacks,1kg,8.27,standard,Shop Nature's Best Spicy Cashews (1kg). Keywords: beverages  snacks cashews nature's best spicy. Perfect for everyday meals and snacks.,GROC_0231;GROC_1060;GROC_0549
GROC_0928,Essential Roasted Mineral Water,Beverages & Snacks,1L,3.35,standard,Shop Essential Roasted Mineral Water (1L). Keywords: beverages  snacks mineral water essential roasted. Perfect for everyday meals and snacks.,GROC_1053;GROC_0374;GROC_0262
GROC_0929,GreenValley Extra Crunchy Almonds,Beverages & Snacks,250g,7.97,standard,Shop GreenValley Extra Crunchy Almonds (250g). Keywords: beverages  snacks almonds greenvalley extra crunchy. Perfect for everyday meals and snacks.,GROC_0601
GROC_0930,MorningDew Crackers,Beverages & Snacks,2kg,7.61,standard,Shop MorningDew Crackers (2kg). Keywords: beverages  snacks crackers morningdew . Perfect for everyday meals and snacks.,GROC_0139;GROC_0314;GROC_0801
GROC_0931,Harvest Spicy Cashews,Beverages & Snacks,100g,10.29,standard,Shop Harvest Spicy Cashews (100g). Keywords: beverages  snacks cashews harvest spicy. Perfect for everyday meals and snacks.,GROC_0203
GROC_0932,PureHarvest Extra Crunchy Biscuits,Beverages & Snacks,2kg,8.07,standard,Shop PureHarvest Extra Crunchy Biscuits (2kg). Keywords: beverages  snacks biscuits pureharvest extra crunchy. Perfect for everyday meals and snacks.,GROC_1009;GROC_0668
GROC_0933,Daily Delight Roasted Chips,Beverages & Snacks,100g,7.11,standard,Shop Daily Delight Roasted Chips (100g). Keywords: beverages  snacks chips daily delight roasted. Perfect for everyday meals and snacks.,GROC_0577;GROC_0570;GROC_0432
GROC_0934,OrganicLife Spicy Crackers,Beverages & Snacks,250g,5.4,organic,Shop OrganicLife Spicy Crackers (250g). Keywords: beverages  snacks crackers organiclife spicy. Perfect for everyday meals and snacks.,GROC_0175
GROC_0935,GreenValley Extra Crunchy Trail Mix,Beverages & Snacks,1kg,7.16,standard,Shop GreenValley Extra Crunchy Trail Mix (1kg). Keywords: beverages  snacks trail mix greenvalley extra crunchy. Perfect for everyday meals and snacks.,GROC_0856;GROC_0786
GROC_0936,Daily Delight Roasted Pretzels,Beverages & Snacks,1kg,12.37,standard,Shop Daily Delight Roasted Pretzels (1kg). Keywords: beverages  snacks pretzels daily delight roasted. Perfect for everyday meals and snacks.,GROC_0756;GROC_1094;GROC_0380
GROC_0937,SunKissed Salted Orange Juice,Beverages & Snacks,2L,12.26,standard,Shop SunKissed Salted Orange Juice (2L). Keywords: beverages  snacks orange juice sunkissed salted. Perfect for everyday meals and snacks.,GROC_0727;GROC_0735;GROC_0710
GROC_0938,Premium Select Diet Tea,Beverages & Snacks,100g,2.44,sugar_free;low_calorie,Shop Premium Select Diet Tea (100g). Keywords: beverages  snacks tea premium select diet. Perfect for everyday meals and snacks.,GROC_0265
GROC_0939,Chef's Choice Salted Soft Drinks,Beverages & Snacks,1.5L,6.63,standard,Shop Chef's Choice Salted Soft Drinks (1.5L). Keywords: beverages  snacks soft drinks chef's choice salted. Perfect for everyday meals and snacks.,GROC_0485;GROC_0900
GROC_0940,Harvest Pretzels,Beverages & Snacks,250g,12.76,standard,Shop Harvest Pretzels (250g). Keywords: beverages  snacks pretzels harvest . Perfect for everyday meals and snacks.,GROC_0912;GROC_0424;GROC_0917
GROC_0941,Nature's Best Extra Crunchy Popcorn,Beverages & Snacks,5kg,9.89,standard,Shop Nature's Best Extra Crunchy Popcorn (5kg). Keywords: beverages  snacks popcorn nature's best extra crunchy. Perfect for everyday meals and snacks.,GROC_0769;GROC_0644
GROC_0942,Chef's Choice Salted Raisins,Beverages & Snacks,1kg,8.83,standard,Shop Chef's Choice Salted Raisins (1kg). Keywords: beverages  snacks raisins chef's choice salted. Perfect for everyday meals and snacks.,GROC_0838;GROC_0578
GROC_0943,Everyday Basics Roasted Biscuits,Beverages & Snacks,500g,4.01,standard,Shop Everyday Basics Roasted Biscuits (500g). Keywords: beverages  snacks biscuits everyday basics roasted. Perfect for everyday meals and snacks.,GROC_0703;GROC_0456;GROC_0260
GROC_0944,Chef's Choice Sugar-Free Energy Drinks,Beverages & Snacks,2 lbs,10.8,sugar_free;low_calorie,Shop Chef's Choice Sugar-Free Energy Drinks (2 lbs). Keywords: beverages  snacks energy drinks chef's choice sugar-free. Perfect for everyday meals and snacks.,GROC_0795;GROC_0336
GROC_0945,Gold Standard Roasted Biscuits,Beverages & Snacks,100g,1.07,standard,Shop Gold Standard Roasted Biscuits (100g). Keywords: beverages  snacks biscuits gold standard roasted. Perfect for everyday meals and snacks.,GROC_0005
GROC_0946,Gold Standard Diet Orange Juice,Beverages & Snacks,1L,1.92,sugar_free;low_calorie,Shop Gold Standard Diet Orange Juice (1L). Keywords: beverages  snacks orange juice gold standard diet. Perfect for everyday meals and snacks.,GROC_0140;GROC_0640;GROC_0218
GROC_0947,OrganicLife Spicy Apple Juice,Beverages & Snacks,250ml,15.11,organic,Shop OrganicLife Spicy Apple Juice (250ml). Keywords: beverages  snacks apple juice organiclife spicy. Perfect for everyday meals and snacks.,GROC_0622
GROC_0948,PureHarvest Spicy Energy Drinks,Beverages & Snacks,1 lb,2.35,standard,Shop PureHarvest Spicy Energy Drinks (1 lb). Keywords: beverages  snacks energy drinks pureharvest spicy. Perfect for everyday meals and snacks.,GROC_0966;GROC_0348;GROC_0681
GROC_0949,Gold Standard Roasted Nuts,Beverages & Snacks,2kg,2.92,standard,Shop Gold Standard Roasted Nuts (2kg). Keywords: beverages  snacks nuts gold standard roasted. Perfect for everyday meals and snacks.,GROC_1035
GROC_0950,FarmFresh Namkeen,Beverages & Snacks,2kg,2.52,standard,Shop FarmFresh Namkeen (2kg). Keywords: beverages  snacks namkeen farmfresh . Perfect for everyday meals and snacks.,GROC_1056;GROC_0565
GROC_0951,Daily Delight Spicy Raisins,Beverages & Snacks,1kg,7.14,standard,Shop Daily Delight Spicy Raisins (1kg). Keywords: beverages  snacks raisins daily delight spicy. Perfect for everyday meals and snacks.,GROC_0370;GROC_0728
GROC_0952,Daily Delight Diet Raisins,Beverages & Snacks,250g,4.09,sugar_free;low_calorie,Shop Daily Delight Diet Raisins (250g). Keywords: beverages  snacks raisins daily delight diet. Perfect for everyday meals and snacks.,GROC_0841
GROC_0953,Chef's Choice Roasted Apple Juice,Beverages & Snacks,1 Gallon,12.62,standard,Shop Chef's Choice Roasted Apple Juice (1 Gallon). Keywords: beverages  snacks apple juice chef's choice roasted. Perfect for everyday meals and snacks.,GROC_0938;GROC_0261
GROC_0954,Harvest Coffee,Beverages & Snacks,5kg,3.59,standard,Shop Harvest Coffee (5kg). Keywords: beverages  snacks coffee harvest . Perfect for everyday meals and snacks.,GROC_0137
GROC_0955,Gold Standard Diet Trail Mix,Beverages & Snacks,100g,3.62,sugar_free;low_calorie,Shop Gold Standard Diet Trail Mix (100g). Keywords: beverages  snacks trail mix gold standard diet. Perfect for everyday meals and snacks.,GROC_0484;GROC_0643;GROC_0300
GROC_0956,Everyday Basics Extra Crunchy Namkeen,Beverages & Snacks,1kg,7.98,standard,Shop Everyday Basics Extra Crunchy Namkeen (1kg). Keywords: beverages  snacks namkeen everyday basics extra crunchy. Perfect for everyday meals and snacks.,GROC_1068;GROC_0301;GROC_0677
GROC_0957,Everyday Basics Roasted Apple Juice,Beverages & Snacks,2L,4.16,standard,Shop Everyday Basics Roasted Apple Juice (2L). Keywords: beverages  snacks apple juice everyday basics roasted. Perfect for everyday meals and snacks.,GROC_0475;GROC_0408
GROC_0958,Harvest Roasted Popcorn,Beverages & Snacks,100g,8.08,standard,Shop Harvest Roasted Popcorn (100g). Keywords: beverages  snacks popcorn harvest roasted. Perfect for everyday meals and snacks.,GROC_0002;GROC_0346
GROC_0959,PureHarvest Diet Energy Drinks,Beverages & Snacks,2 lbs,2.29,sugar_free;low_calorie,Shop PureHarvest Diet Energy Drinks (2 lbs). Keywords: beverages  snacks energy drinks pureharvest diet. Perfect for everyday meals and snacks.,GROC_0926;GROC_0484;GROC_0169
GROC_0960,Chef's Choice Spicy Soft Drinks,Beverages & Snacks,250ml,6.03,standard,Shop Chef's Choice Spicy Soft Drinks (250ml). Keywords: beverages  snacks soft drinks chef's choice spicy. Perfect for everyday meals and snacks.,GROC_0654;GROC_0928
GROC_0961,Everyday Basics Diet Orange Juice,Beverages & Snacks,500ml,6.7,sugar_free;low_calorie,Shop Everyday Basics Diet Orange Juice (500ml). Keywords: beverages  snacks orange juice everyday basics diet. Perfect for everyday meals and snacks.,GROC_0878;GROC_0899;GROC_0792
GROC_0962,Everyday Basics Extra Crunchy Trail Mix,Beverages & Snacks,250g,7.37,standard,Shop Everyday Basics Extra Crunchy Trail Mix (250g). Keywords: beverages  snacks trail mix everyday basics extra crunchy. Perfect for everyday meals and snacks.,GROC_0976;GROC_0721;GROC_0374
GROC_0963,Nature's Best Spicy Hot Chocolate,Beverages & Snacks,100g,2.55,standard,Shop Nature's Best Spicy Hot Chocolate (100g). Keywords: beverages  snacks hot chocolate nature's best spicy. Perfect for everyday meals and snacks.,GROC_0069
GROC_0964,Chef's Choice Extra Crunchy Trail Mix,Beverages & Snacks,250g,9.13,standard,Shop Chef's Choice Extra Crunchy Trail Mix (250g). Keywords: beverages  snacks trail mix chef's choice extra crunchy. Perfect for everyday meals and snacks.,GROC_0308
GROC_0965,Chef's Choice Sugar-Free Namkeen,Beverages & Snacks,2 lbs,11.49,sugar_free;low_calorie,Shop Chef's Choice Sugar-Free Namkeen (2 lbs). Keywords: beverages  snacks namkeen chef's choice sugar-free. Perfect for everyday meals and snacks.,GROC_0241;GROC_0322;GROC_1025
GROC_0966,PureHarvest Extra Crunchy Almonds,Beverages & Snacks,2kg,6.78,standard,Shop PureHarvest Extra Crunchy Almonds (2kg). Keywords: beverages  snacks almonds pureharvest extra crunchy. Perfect for everyday meals and snacks.,GROC_0184;GROC_0103;GROC_0947
GROC_0967,OrganicLife Salted Crackers,Beverages & Snacks,500g,3.64,organic,Shop OrganicLife Salted Crackers (500g). Keywords: beverages  snacks crackers organiclife salted. Perfect for everyday meals and snacks.,GROC_0739
GROC_0968,MorningDew Extra Crunchy Nuts,Beverages & Snacks,2kg,2.0,standard,Shop MorningDew Extra Crunchy Nuts (2kg). Keywords: beverages  snacks nuts morningdew extra crunchy. Perfect for everyday meals and snacks.,GROC_0061;GROC_0303;GROC_0255
GROC_0969,Harvest Sugar-Free Trail Mix,Beverages & Snacks,2 lbs,3.26,sugar_free;low_calorie,Shop Harvest Sugar-Free Trail Mix (2 lbs). Keywords: beverages  snacks trail mix harvest sugar-free. Perfect for everyday meals and snacks.,GROC_0840;GROC_0640;GROC_0230
GROC_0970,Everyday Basics Roasted Coffee,Beverages & Snacks,500g,1.08,standard,Shop Everyday Basics Roasted Coffee (500g). Keywords: beverages  snacks coffee everyday basics roasted. Perfect for everyday meals and snacks.,GROC_0521;GROC_1030;GROC_0561
GROC_0971,SunKissed Salted Soft Drinks,Beverages & Snacks,1.5L,5.34,standard,Shop SunKissed Salted Soft Drinks (1.5L). Keywords: beverages  snacks soft drinks sunkissed salted. Perfect for everyday meals and snacks.,GROC_0646;GROC_0921
GROC_0972,PureHarvest Roasted Orange Juice,Beverages & Snacks,2L,4.03,standard,Shop PureHarvest Roasted Orange Juice (2L). Keywords: beverages  snacks orange juice pureharvest roasted. Perfect for everyday meals and snacks.,GROC_0858
GROC_0973,PureHarvest Roasted Cashews,Beverages & Snacks,1 lb,4.3,standard,Shop PureHarvest Roasted Cashews (1 lb). Keywords: beverages  snacks cashews pureharvest roasted. Perfect for everyday meals and snacks.,GROC_0285;GROC_0846;GROC_0794
GROC_0974,MorningDew Salted Crackers,Beverages & Snacks,2kg,7.62,standard,Shop MorningDew Salted Crackers (2kg). Keywords: beverages  snacks crackers morningdew salted. Perfect for everyday meals and snacks.,GROC_1047;GROC_0455;GROC_0387
GROC_0975,Chef's Choice Sugar-Free Cashews,Beverages & Snacks,100g,12.85,sugar_free;low_calorie,Shop Chef's Choice Sugar-Free Cashews (100g). Keywords: beverages  snacks cashews chef's choice sugar-free. Perfect for everyday meals and snacks.,GROC_0926;GROC_0946
GROC_0976,OrganicLife Spicy Raisins,Beverages & Snacks,2 lbs,3.71,organic,Shop OrganicLife Spicy Raisins (2 lbs). Keywords: beverages  snacks raisins organiclife spicy. Perfect for everyday meals and snacks.,GROC_0940;GROC_0937
GROC_0977,SunKissed Salted Hot Chocolate,Beverages & Snacks,2kg,10.39,standard,Shop SunKissed Salted Hot Chocolate (2kg). Keywords: beverages  snacks hot chocolate sunkissed salted. Perfect for everyday meals and snacks.,GROC_0827;GROC_0908;GROC_0555
GROC_0978,Nature's Best Roasted Apple Juice,Beverages & Snacks,1L,5.8,standard,Shop Nature's Best Roasted Apple Juice (1L). Keywords: beverages  snacks apple juice nature's best roasted. Perfect for everyday meals and snacks.,GROC_0652
GROC_0979,MorningDew Diet Popcorn,Beverages & Snacks,250g,5.66,sugar_free;low_calorie,Shop MorningDew Diet Popcorn (250g). Keywords: beverages  snacks popcorn morningdew diet. Perfect for everyday meals and snacks.,GROC_0962;GROC_0898
GROC_0980,MorningDew Extra Crunchy Coffee,Beverages & Snacks,500g,2.73,standard,Shop MorningDew Extra Crunchy Coffee (500g). Keywords: beverages  snacks coffee morningdew extra crunchy. Perfect for everyday meals and snacks.,GROC_0832
GROC_0981,PureHarvest Trail Mix,Beverages & Snacks,500g,4.15,standard,Shop PureHarvest Trail Mix (500g). Keywords: beverages  snacks trail mix pureharvest . Perfect for everyday meals and snacks.,GROC_0426;GROC_0822
GROC_0982,Nature's Best Spicy Biscuits,Beverages & Snacks,250g,5.6,standard,Shop Nature's Best Spicy Biscuits (250g). Keywords: beverages  snacks biscuits nature's best spicy. Perfect for everyday meals and snacks.,GROC_0610;GROC_0828
GROC_0983,Everyday Basics Spicy Crackers,Beverages & Snacks,5kg,12.55,standard,Shop Everyday Basics Spicy Crackers (5kg). Keywords: beverages  snacks crackers everyday basics spicy. Perfect for everyday meals and snacks.,GROC_0899
GROC_0984,MorningDew Spicy Tea,Beverages & Snacks,1kg,6.92,standard,Shop MorningDew Spicy Tea (1kg). Keywords: beverages  snacks tea morningdew spicy. Perfect for everyday meals and snacks.,GROC_1081;GROC_0123;GROC_0987
GROC_0985,Premium Select Diet Coffee,Beverages & Snacks,5kg,1.95,sugar_free;low_calorie,Shop Premium Select Diet Coffee (5kg). Keywords: beverages  snacks coffee premium select diet. Perfect for everyday meals and snacks.,GROC_0687
GROC_0986,GreenValley Sugar-Free Apple Juice,Beverages & Snacks,500ml,3.86,sugar_free;low_calorie,Shop GreenValley Sugar-Free Apple Juice (500ml). Keywords: beverages  snacks apple juice greenvalley sugar-free. Perfect for everyday meals and snacks.,GROC_0409;GROC_0821;GROC_0929
GROC_0987,Daily Delight Sugar-Free Coffee,Beverages & Snacks,500g,10.35,sugar_free;low_calorie,Shop Daily Delight Sugar-Free Coffee (500g). Keywords: beverages  snacks coffee daily delight sugar-free. Perfect for everyday meals and snacks.,GROC_0797;GROC_0815;GROC_0590
GROC_0988,GreenValley Salted Biscuits,Beverages & Snacks,2 lbs,8.02,standard,Shop GreenValley Salted Biscuits (2 lbs). Keywords: beverages  snacks biscuits greenvalley salted. Perfect for everyday meals and snacks.,GROC_0893;GROC_0624
GROC_0989,FarmFresh Almonds,Beverages & Snacks,500g,7.59,standard,Shop FarmFresh Almonds (500g). Keywords: beverages  snacks almonds farmfresh . Perfect for everyday meals and snacks.,GROC_0660;GROC_0472
GROC_0990,Harvest Sugar-Free Cashews,Beverages & Snacks,1 lb,12.55,sugar_free;low_calorie,Shop Harvest Sugar-Free Cashews (1 lb). Keywords: beverages  snacks cashews harvest sugar-free. Perfect for everyday meals and snacks.,GROC_0751;GROC_0838
GROC_0991,Harvest Roasted Pretzels,Beverages & Snacks,2 lbs,1.05,standard,Shop Harvest Roasted Pretzels (2 lbs). Keywords: beverages  snacks pretzels harvest roasted. Perfect for everyday meals and snacks.,GROC_0221;GROC_0149;GROC_1003
GROC_0992,PureHarvest Apple Juice,Beverages & Snacks,250ml,7.69,standard,Shop PureHarvest Apple Juice (250ml). Keywords: beverages  snacks apple juice pureharvest . Perfect for everyday meals and snacks.,GROC_0731;GROC_0267;GROC_0079
GROC_0993,Value Choice Almonds,Beverages & Snacks,1 lb,10.63,standard,Shop Value Choice Almonds (1 lb). Keywords: beverages  snacks almonds value choice . Perfect for everyday meals and snacks.,GROC_0371
GROC_0994,Harvest Extra Crunchy Mineral Water,Beverages & Snacks,250ml,10.51,standard,Shop Harvest Extra Crunchy Mineral Water (250ml). Keywords: beverages  snacks mineral water harvest extra crunchy. Perfect for everyday meals and snacks.,GROC_0934
GROC_0995,SunKissed Salted Mineral Water,Beverages & Snacks,1 Gallon,7.75,standard,Shop SunKissed Salted Mineral Water (1 Gallon). Keywords: beverages  snacks mineral water sunkissed salted. Perfect for everyday meals and snacks.,GROC_0422
GROC_0996,MorningDew Extra Crunchy Energy Drinks,Beverages & Snacks,1 lb,6.5,standard,Shop MorningDew Extra Crunchy Energy Drinks (1 lb). Keywords: beverages  snacks energy drinks morningdew extra crunchy. Perfect for everyday meals and snacks.,GROC_0747
GROC_0997,Harvest Salted Pretzels,Beverages & Snacks,250g,2.39,standard,Shop Harvest Salted Pretzels (250g). Keywords: beverages  snacks pretzels harvest salted. Perfect for everyday meals and snacks.,GROC_0911;GROC_0590;GROC_0848
GROC_0998,PureHarvest Spicy Green Tea,Beverages & Snacks,2kg,9.4,standard,Shop PureHarvest Spicy Green Tea (2kg). Keywords: beverages  snacks green tea pureharvest spicy. Perfect for everyday meals and snacks.,GROC_0945;GROC_0026;GROC_1088
GROC_0999,PureHarvest Roasted Popcorn,Beverages & Snacks,1 lb,7.42,standard,Shop PureHarvest Roasted Popcorn (1 lb). Keywords: beverages  snacks popcorn pureharvest roasted. Perfect for everyday meals and snacks.,GROC_0026
GROC_1000,Premium Select Mineral Water,Beverages & Snacks,1.5L,8.09,standard,Shop Premium Select Mineral Water (1.5L). Keywords: beverages  snacks mineral water premium select . Perfect for everyday meals and snacks.,GROC_0975
GROC_1001,Nature's Best Salted Popcorn,Beverages & Snacks,1kg,4.76,standard,Shop Nature's Best Salted Popcorn (1kg). Keywords: beverages  snacks popcorn nature's best salted. Perfect for everyday meals and snacks.,GROC_0889;GROC_0837;GROC_1013
GROC_1002,Harvest Sugar-Free Soft Drinks,Beverages & Snacks,250ml,3.18,sugar_free;low_calorie,Shop Harvest Sugar-Free Soft Drinks (250ml). Keywords: beverages  snacks soft drinks harvest sugar-free. Perfect for everyday meals and snacks.,GROC_0787
GROC_1003,Gold Standard Diet Soft Drinks,Beverages & Snacks,2L,3.81,sugar_free;low_calorie,Shop Gold Standard Diet Soft Drinks (2L). Keywords: beverages  snacks soft drinks gold standard diet. Perfect for everyday meals and snacks.,GROC_0429;GROC_0864
GROC_1004,Essential Diet Energy Drinks,Beverages & Snacks,5kg,3.74,sugar_free;low_calorie,Shop Essential Diet Energy Drinks (5kg). Keywords: beverages  snacks energy drinks essential diet. Perfect for everyday meals and snacks.,GROC_0037;GROC_0560;GROC_0704
GROC_1005,Everyday Basics Extra Crunchy Nuts,Beverages & Snacks,250g,11.28,standard,Shop Everyday Basics Extra Crunchy Nuts (250g). Keywords: beverages  snacks nuts everyday basics extra crunchy. Perfect for everyday meals and snacks.,GROC_0185;GROC_0580
GROC_1006,Essential Sugar-Free Tea,Beverages & Snacks,100g,8.44,sugar_free;low_calorie,Shop Essential Sugar-Free Tea (100g). Keywords: beverages  snacks tea essential sugar-free. Perfect for everyday meals and snacks.,GROC_0463;GROC_0482
GROC_1007,Harvest Salted Nuts,Beverages & Snacks,5kg,3.18,standard,Shop Harvest Salted Nuts (5kg). Keywords: beverages  snacks nuts harvest salted. Perfect for everyday meals and snacks.,GROC_0882;GROC_0059;GROC_0535
GROC_1008,Value Choice Diet Almonds,Beverages & Snacks,2 lbs,9.99,sugar_free;low_calorie,Shop Value Choice Diet Almonds (2 lbs). Keywords: beverages  snacks almonds value choice diet. Perfect for everyday meals and snacks.,GROC_0111;GROC_0122;GROC_0456
GROC_1009,FarmFresh Extra Crunchy Orange Juice,Beverages & Snacks,250ml,6.07,standard,Shop FarmFresh Extra Crunchy Orange Juice (250ml). Keywords: beverages  snacks orange juice farmfresh extra crunchy. Perfect for everyday meals and snacks.,GROC_0062;GROC_0258
GROC_1010,FarmFresh Salted Cashews,Beverages & Snacks,1 lb,11.31,standard,Shop FarmFresh Salted Cashews (1 lb). Keywords: beverages  snacks cashews farmfresh salted. Perfect for everyday meals and snacks.,GROC_0419
GROC_1011,Gold Standard Spicy Apple Juice,Beverages & Snacks,500ml,7.21,standard,Shop Gold Standard Spicy Apple Juice (500ml). Keywords: beverages  snacks apple juice gold standard spicy. Perfect for everyday meals and snacks.,GROC_0867
GROC_1012,SunKissed Popcorn,Beverages & Snacks,250g,9.08,standard,Shop SunKissed Popcorn (250g). Keywords: beverages  snacks popcorn sunkissed . Perfect for everyday meals and snacks.,GROC_0408;GROC_0121;GROC_0983
GROC_1013,Everyday Basics Sugar-Free Crackers,Beverages & Snacks,500g,5.33,sugar_free;low_calorie,Shop Everyday Basics Sugar-Free Crackers (500g). Keywords: beverages  snacks crackers everyday basics sugar-free. Perfect for everyday meals and snacks.,GROC_1018;GROC_0983
GROC_1014,Daily Delight Sugar-Free Mineral Water,Beverages & Snacks,250ml,3.84,sugar_free;low_calorie,Shop Daily Delight Sugar-Free Mineral Water (250ml). Keywords: beverages  snacks mineral water daily delight sugar-free. Perfect for everyday meals and snacks.,GROC_1062;GROC_0121
GROC_1015,Everyday Basics Sugar-Free Nuts,Beverages & Snacks,1 lb,3.2,sugar_free;low_calorie,Shop Everyday Basics Sugar-Free Nuts (1 lb). Keywords: beverages  snacks nuts everyday basics sugar-free. Perfect for everyday meals and snacks.,GROC_0033;GROC_0640;GROC_0202
GROC_1016,Premium Select Spicy Namkeen,Beverages & Snacks,2 lbs,14.02,standard,Shop Premium Select Spicy Namkeen (2 lbs). Keywords: beverages  snacks namkeen premium select spicy. Perfect for everyday meals and snacks.,GROC_0469;GROC_0172;GROC_0167
GROC_1017,Essential Sugar-Free Biscuits,Beverages & Snacks,2 lbs,6.4,sugar_free;low_calorie,Shop Essential Sugar-Free Biscuits (2 lbs). Keywords: beverages  snacks biscuits essential sugar-free. Perfect for everyday meals and snacks.,GROC_1065;GROC_0931
GROC_1018,Daily Delight Extra Crunchy Raisins,Beverages & Snacks,2kg,2.19,standard,Shop Daily Delight Extra Crunchy Raisins (2kg). Keywords: beverages  snacks raisins daily delight extra crunchy. Perfect for everyday meals and snacks.,GROC_0929;GROC_0908
GROC_1019,MorningDew Roasted Mineral Water,Beverages & Snacks,1L,6.18,standard,Shop MorningDew Roasted Mineral Water (1L). Keywords: beverages  snacks mineral water morningdew roasted. Perfect for everyday meals and snacks.,GROC_0417;GROC_0127;GROC_0732
GROC_1020,Premium Select Extra Crunchy Crackers,Beverages & Snacks,1kg,17.5,standard,Shop Premium Select Extra Crunchy Crackers (1kg). Keywords: beverages  snacks crackers premium select extra crunchy. Perfect for everyday meals and snacks.,GROC_1032;GROC_0714
GROC_1021,Gold Standard Extra Crunchy Namkeen,Beverages & Snacks,1kg,8.56,standard,Shop Gold Standard Extra Crunchy Namkeen (1kg). Keywords: beverages  snacks namkeen gold standard extra crunchy. Perfect for everyday meals and snacks.,GROC_0129
GROC_1022,SunKissed Extra Crunchy Cashews,Beverages & Snacks,1 lb,6.83,standard,Shop SunKissed Extra Crunchy Cashews (1 lb). Keywords: beverages  snacks cashews sunkissed extra crunchy. Perfect for everyday meals and snacks.,GROC_0139;GROC_0553;GROC_0933
GROC_1023,Chef's Choice Mineral Water,Beverages & Snacks,250ml,5.77,standard,Shop Chef's Choice Mineral Water (250ml). Keywords: beverages  snacks mineral water chef's choice . Perfect for everyday meals and snacks.,GROC_0110
GROC_1024,FarmFresh Extra Crunchy Apple Juice,Beverages & Snacks,1L,4.04,standard,Shop FarmFresh Extra Crunchy Apple Juice (1L). Keywords: beverages  snacks apple juice farmfresh extra crunchy. Perfect for everyday meals and snacks.,GROC_0814;GROC_1079;GROC_0289
GROC_1025,Gold Standard Sugar-Free Hot Chocolate,Beverages & Snacks,1 lb,5.32,sugar_free;low_calorie,Shop Gold Standard Sugar-Free Hot Chocolate (1 lb). Keywords: beverages  snacks hot chocolate gold standard sugar-free. Perfect for everyday meals and snacks.,GROC_0639;GROC_0127;GROC_0046
GROC_1026,PureHarvest Sugar-Free Coffee,Beverages & Snacks,500g,11.4,sugar_free;low_calorie,Shop PureHarvest Sugar-Free Coffee (500g). Keywords: beverages  snacks coffee pureharvest sugar-free. Perfect for everyday meals and snacks.,GROC_0494;GROC_0595
GROC_1027,Premium Select Extra Crunchy Trail Mix,Beverages & Snacks,1kg,6.17,standard,Shop Premium Select Extra Crunchy Trail Mix (1kg). Keywords: beverages  snacks trail mix premium select extra crunchy. Perfect for everyday meals and snacks.,GROC_0981
GROC_1028,GreenValley Extra Crunchy Popcorn,Beverages & Snacks,100g,9.83,standard,Shop GreenValley Extra Crunchy Popcorn (100g). Keywords: beverages  snacks popcorn greenvalley extra crunchy. Perfect for everyday meals and snacks.,GROC_0090;GROC_0627
GROC_1029,PureHarvest Salted Green Tea,Beverages & Snacks,5kg,8.57,standard,Shop PureHarvest Salted Green Tea (5kg). Keywords: beverages  snacks green tea pureharvest salted. Perfect for everyday meals and snacks.,GROC_1079
GROC_1030,Essential Spicy Orange Juice,Beverages & Snacks,1L,10.68,standard,Shop Essential Spicy Orange Juice (1L). Keywords: beverages  snacks orange juice essential spicy. Perfect for everyday meals and snacks.,GROC_0716;GROC_0482
GROC_1031,PureHarvest Extra Crunchy Popcorn,Beverages & Snacks,2 lbs,11.87,standard,Shop PureHarvest Extra Crunchy Popcorn (2 lbs). Keywords: beverages  snacks popcorn pureharvest extra crunchy. Perfect for everyday meals and snacks.,GROC_0304;GROC_0683;GROC_0963
GROC_1032,Daily Delight Diet Green Tea,Beverages & Snacks,1 lb,4.75,sugar_free;low_calorie,Shop Daily Delight Diet Green Tea (1 lb). Keywords: beverages  snacks green tea daily delight diet. Perfect for everyday meals and snacks.,GROC_1094
GROC_1033,SunKissed Roasted Chips,Beverages & Snacks,5kg,8.73,standard,Shop SunKissed Roasted Chips (5kg). Keywords: beverages  snacks chips sunkissed roasted. Perfect for everyday meals and snacks.,GROC_0053
GROC_1034,SunKissed Salted Biscuits,Beverages & Snacks,100g,3.0,standard,Shop SunKissed Salted Biscuits (100g). Keywords: beverages  snacks biscuits sunkissed salted. Perfect for everyday meals and snacks.,GROC_0219;GROC_0924;GROC_0981
GROC_1035,Daily Delight Spicy Coffee,Beverages & Snacks,2kg,4.01,standard,Shop Daily Delight Spicy Coffee (2kg). Keywords: beverages  snacks coffee daily delight spicy. Perfect for everyday meals and snacks.,GROC_0564;GROC_0291;GROC_0172
GROC_1036,Premium Select Salted Green Tea,Beverages & Snacks,1kg,3.12,standard,Shop Premium Select Salted Green Tea (1kg). Keywords: beverages  snacks green tea premium select salted. Perfect for everyday meals and snacks.,GROC_0349;GROC_0276
GROC_1037,Harvest Roasted Green Tea,Beverages & Snacks,100g,1.64,standard,Shop Harvest Roasted Green Tea (100g). Keywords: beverages  snacks green tea harvest roasted. Perfect for everyday meals and snacks.,GROC_0294
GROC_1038,Chef's Choice Crackers,Beverages & Snacks,500g,4.14,standard,Shop Chef's Choice Crackers (500g). Keywords: beverages  snacks crackers chef's choice . Perfect for everyday meals and snacks.,GROC_0119;GROC_0999
GROC_1039,Nature's Best Salted Orange Juice,Beverages & Snacks,2L,4.7,standard,Shop Nature's Best Salted Orange Juice (2L). Keywords: beverages  snacks orange juice nature's best salted. Perfect for everyday meals and snacks.,GROC_0401
GROC_1040,SunKissed Salted Energy Drinks,Beverages & Snacks,5kg,8.51,standard,Shop SunKissed Salted Energy Drinks (5kg). Keywords: beverages  snacks energy drinks sunkissed salted. Perfect for everyday meals and snacks.,GROC_0455
GROC_1041,Chef's Choice Orange Juice,Beverages & Snacks,1L,1.41,standard,Shop Chef's Choice Orange Juice (1L). Keywords: beverages  snacks orange juice chef's choice . Perfect for everyday meals and snacks.,GROC_1045;GROC_1092
GROC_1042,Essential Extra Crunchy Biscuits,Beverages & Snacks,1 lb,6.7,standard,Shop Essential Extra Crunchy Biscuits (1 lb). Keywords: beverages  snacks biscuits essential extra crunchy. Perfect for everyday meals and snacks.,GROC_0269;GROC_0433;GROC_0634
GROC_1043,Harvest Roasted Cashews,Beverages & Snacks,5kg,6.33,standard,Shop Harvest Roasted Cashews (5kg). Keywords: beverages  snacks cashews harvest roasted. Perfect for everyday meals and snacks.,GROC_0059;GROC_0686;GROC_0313
GROC_1044,Daily Delight Spicy Cashews,Beverages & Snacks,100g,9.98,standard,Shop Daily Delight Spicy Cashews (100g). Keywords: beverages  snacks cashews daily delight spicy. Perfect for everyday meals and snacks.,GROC_0792;GROC_0503
GROC_1045,PureHarvest Sugar-Free Raisins,Beverages & Snacks,5kg,6.77,sugar_free;low_calorie,Shop PureHarvest Sugar-Free Raisins (5kg). Keywords: beverages  snacks raisins pureharvest sugar-free. Perfect for everyday meals and snacks.,GROC_0666;GROC_0384;GROC_1100
GROC_1046,MorningDew Salted Energy Drinks,Beverages & Snacks,500g,4.68,standard,Shop MorningDew Salted Energy Drinks (500g). Keywords: beverages  snacks energy drinks morningdew salted. Perfect for everyday meals and snacks.,GROC_0424;GROC_0775
GROC_1047,Value Choice Sugar-Free Namkeen,Beverages & Snacks,1kg,1.12,sugar_free;low_calorie,Shop Value Choice Sugar-Free Namkeen (1kg). Keywords: beverages  snacks namkeen value choice sugar-free. Perfect for everyday meals and snacks.,GROC_0170;GROC_0790;GROC_0212
GROC_1048,Essential Sugar-Free Almonds,Beverages & Snacks,1kg,4.43,sugar_free;low_calorie,Shop Essential Sugar-Free Almonds (1kg). Keywords: beverages  snacks almonds essential sugar-free. Perfect for everyday meals and snacks.,GROC_0443;GROC_0603
GROC_1049,Value Choice Extra Crunchy Nuts,Beverages & Snacks,250g,6.16,standard,Shop Value Choice Extra Crunchy Nuts (250g). Keywords: beverages  snacks nuts value choice extra crunchy. Perfect for everyday meals and snacks.,GROC_0263;GROC_0318
GROC_1050,Everyday Basics Extra Crunchy Chips,Beverages & Snacks,2kg,1.08,standard,Shop Everyday Basics Extra Crunchy Chips (2kg). Keywords: beverages  snacks chips everyday basics extra crunchy. Perfect for everyday meals and snacks.,GROC_0061;GROC_0767
GROC_1051,Premium Select Roasted Biscuits,Beverages & Snacks,2 lbs,8.73,standard,Shop Premium Select Roasted Biscuits (2 lbs). Keywords: beverages  snacks biscuits premium select roasted. Perfect for everyday meals and snacks.,GROC_0467;GROC_0306
GROC_1052,Daily Delight Extra Crunchy Energy Drinks,Beverages & Snacks,2 lbs,5.53,standard,Shop Daily Delight Extra Crunchy Energy Drinks (2 lbs). Keywords: beverages  snacks energy drinks daily delight extra crunchy. Perfect for everyday meals and snacks.,GROC_0339;GROC_0058;GROC_0544
GROC_1053,MorningDew Salted Cashews,Beverages & Snacks,5kg,3.25,standard,Shop MorningDew Salted Cashews (5kg). Keywords: beverages  snacks cashews morningdew salted. Perfect for everyday meals and snacks.,GROC_0596
GROC_1054,Daily Delight Sugar-Free Green Tea,Beverages & Snacks,1kg,2.31,sugar_free;low_calorie,Shop Daily Delight Sugar-Free Green Tea (1kg). Keywords: beverages  snacks green tea daily delight sugar-free. Perfect for everyday meals and snacks.,GROC_0718;GROC_0118;GROC_0009
GROC_1055,Everyday Basics Sugar-Free Pretzels,Beverages & Snacks,100g,9.4,sugar_free;low_calorie,Shop Everyday Basics Sugar-Free Pretzels (100g). Keywords: beverages  snacks pretzels everyday basics sugar-free. Perfect for everyday meals and snacks.,GROC_0497
GROC_1056,Premium Select Nuts,Beverages & Snacks,1 lb,3.94,standard,Shop Premium Select Nuts (1 lb). Keywords: beverages  snacks nuts premium select . Perfect for everyday meals and snacks.,GROC_0877;GROC_0168
GROC_1057,FarmFresh Cashews,Beverages & Snacks,1kg,4.38,standard,Shop FarmFresh Cashews (1kg). Keywords: beverages  snacks cashews farmfresh . Perfect for everyday meals and snacks.,GROC_0994
GROC_1058,SunKissed Spicy Orange Juice,Beverages & Snacks,1 Gallon,1.09,standard,Shop SunKissed Spicy Orange Juice (1 Gallon). Keywords: beverages  snacks orange juice sunkissed spicy. Perfect for everyday meals and snacks.,GROC_0447
GROC_1059,Daily Delight Salted Green Tea,Beverages & Snacks,250g,3.6,standard,Shop Daily Delight Salted Green Tea (250g). Keywords: beverages  snacks green tea daily delight salted. Perfect for everyday meals and snacks.,GROC_0641;GROC_0217;GROC_0209
GROC_1060,SunKissed Sugar-Free Pretzels,Beverages & Snacks,250g,1.95,sugar_free;low_calorie,Shop SunKissed Sugar-Free Pretzels (250g). Keywords: beverages  snacks pretzels sunkissed sugar-free. Perfect for everyday meals and snacks.,GROC_0765;GROC_0915
GROC_1061,Nature's Best Diet Crackers,Beverages & Snacks,100g,3.3,sugar_free;low_calorie,Shop Nature's Best Diet Crackers (100g). Keywords: beverages  snacks crackers nature's best diet. Perfect for everyday meals and snacks.,GROC_0564;GROC_0437
GROC_1062,Essential Extra Crunchy Mineral Water,Beverages & Snacks,1 Gallon,1.14,standard,Shop Essential Extra Crunchy Mineral Water (1 Gallon). Keywords: beverages  snacks mineral water essential extra crunchy. Perfect for everyday meals and snacks.,GROC_0027;GROC_0733
GROC_1063,Premium Select Spicy Tea,Beverages & Snacks,100g,14.34,standard,Shop Premium Select Spicy Tea (100g). Keywords: beverages  snacks tea premium select spicy. Perfect for everyday meals and snacks.,GROC_1024
GROC_1064,GreenValley Salted Almonds,Beverages & Snacks,2kg,5.66,standard,Shop GreenValley Salted Almonds (2kg). Keywords: beverages  snacks almonds greenvalley salted. Perfect for everyday meals and snacks.,GROC_1062;GROC_0335
GROC_1065,Harvest Diet Chips,Beverages & Snacks,1 lb,8.54,sugar_free;low_calorie,Shop Harvest Diet Chips (1 lb). Keywords: beverages  snacks chips harvest diet. Perfect for everyday meals and snacks.,GROC_0882;GROC_0355;GROC_0596
GROC_1066,GreenValley Diet Nuts,Beverages & Snacks,5kg,5.32,sugar_free;low_calorie,Shop GreenValley Diet Nuts (5kg). Keywords: beverages  snacks nuts greenvalley diet. Perfect for everyday meals and snacks.,GROC_0332
GROC_1067,Essential Tea,Beverages & Snacks,2kg,3.82,standard,Shop Essential Tea (2kg). Keywords: beverages  snacks tea essential . Perfect for everyday meals and snacks.,GROC_0273
GROC_1068,OrganicLife Diet Namkeen,Beverages & Snacks,250g,14.73,organic;sugar_free;low_calorie,Shop OrganicLife Diet Namkeen (250g). Keywords: beverages  snacks namkeen organiclife diet. Perfect for everyday meals and snacks.,GROC_0341
GROC_1069,Nature's Best Extra Crunchy Raisins,Beverages & Snacks,2 lbs,3.91,standard,Shop Nature's Best Extra Crunchy Raisins (2 lbs). Keywords: beverages  snacks raisins nature's best extra crunchy. Perfect for everyday meals and snacks.,GROC_0544
GROC_1070,Everyday Basics Spicy Tea,Beverages & Snacks,100g,8.14,standard,Shop Everyday Basics Spicy Tea (100g). Keywords: beverages  snacks tea everyday basics spicy. Perfect for everyday meals and snacks.,GROC_0269;GROC_0165;GROC_0799
GROC_1071,MorningDew Diet Biscuits,Beverages & Snacks,500g,2.88,sugar_free;low_calorie,Shop MorningDew Diet Biscuits (500g). Keywords: beverages  snacks biscuits morningdew diet. Perfect for everyday meals and snacks.,GROC_0510
GROC_1072,GreenValley Extra Crunchy Green Tea,Beverages & Snacks,1 lb,8.49,standard,Shop GreenValley Extra Crunchy Green Tea (1 lb). Keywords: beverages  snacks green tea greenvalley extra crunchy. Perfect for everyday meals and snacks.,GROC_0630
GROC_1073,OrganicLife Spicy Tea,Beverages & Snacks,1kg,10.4,organic,Shop OrganicLife Spicy Tea (1kg). Keywords: beverages  snacks tea organiclife spicy. Perfect for everyday meals and snacks.,GROC_0571;GROC_0804;GROC_1028
GROC_1074,Daily Delight Diet Hot Chocolate,Beverages & Snacks,100g,4.79,sugar_free;low_calorie,Shop Daily Delight Diet Hot Chocolate (100g). Keywords: beverages  snacks hot chocolate daily delight diet. Perfect for everyday meals and snacks.,GROC_0079;GROC_0268
GROC_1075,MorningDew Extra Crunchy Cashews,Beverages & Snacks,1 lb,11.69,standard,Shop MorningDew Extra Crunchy Cashews (1 lb). Keywords: beverages  snacks cashews morningdew extra crunchy. Perfect for everyday meals and snacks.,GROC_1052;GROC_0364;GROC_0134
GROC_1076,FarmFresh Salted Soft Drinks,Beverages & Snacks,2L,5.29,standard,Shop FarmFresh Salted Soft Drinks (2L). Keywords: beverages  snacks soft drinks farmfresh salted. Perfect for everyday meals and snacks.,GROC_0324;GROC_0754
GROC_1077,Value Choice Salted Orange Juice,Beverages & Snacks,500ml,9.47,standard,Shop Value Choice Salted Orange Juice (500ml). Keywords: beverages  snacks orange juice value choice salted. Perfect for everyday meals and snacks.,GROC_0856
GROC_1078,Value Choice Diet Cashews,Beverages & Snacks,100g,7.79,sugar_free;low_calorie,Shop Value Choice Diet Cashews (100g). Keywords: beverages  snacks cashews value choice diet. Perfect for everyday meals and snacks.,GROC_0627
GROC_1079,OrganicLife Spicy Cashews,Beverages & Snacks,1 lb,9.26,organic,Shop OrganicLife Spicy Cashews (1 lb). Keywords: beverages  snacks cashews organiclife spicy. Perfect for everyday meals and snacks.,GROC_0278
GROC_1080,Daily Delight Sugar-Free Almonds,Beverages & Snacks,100g,10.82,sugar_free;low_calorie,Shop Daily Delight Sugar-Free Almonds (100g). Keywords: beverages  snacks almonds daily delight sugar-free. Perfect for everyday meals and snacks.,GROC_0581;GROC_0021;GROC_0855
GROC_1081,OrganicLife Cashews,Beverages & Snacks,100g,14.42,organic,Shop OrganicLife Cashews (100g). Keywords: beverages  snacks cashews organiclife . Perfect for everyday meals and snacks.,GROC_0083;GROC_0712
GROC_1082,PureHarvest Almonds,Beverages & Snacks,1kg,8.43,standard,Shop PureHarvest Almonds (1kg). Keywords: beverages  snacks almonds pureharvest . Perfect for everyday meals and snacks.,GROC_0611;GROC_0284
GROC_1083,MorningDew Sugar-Free Biscuits,Beverages & Snacks,2kg,9.64,sugar_free;low_calorie,Shop MorningDew Sugar-Free Biscuits (2kg). Keywords: beverages  snacks biscuits morningdew sugar-free. Perfect for everyday meals and snacks.,GROC_0361;GROC_0821;GROC_0738
GROC_1084,Essential Diet Cashews,Beverages & Snacks,2 lbs,7.28,sugar_free;low_calorie,Shop Essential Diet Cashews (2 lbs). Keywords: beverages  snacks cashews essential diet. Perfect for everyday meals and snacks.,GROC_0213;GROC_0331;GROC_0404
GROC_1085,MorningDew Roasted Nuts,Beverages & Snacks,1kg,4.39,standard,Shop MorningDew Roasted Nuts (1kg). Keywords: beverages  snacks nuts morningdew roasted. Perfect for everyday meals and snacks.,GROC_0995;GROC_0129
GROC_1086,GreenValley Namkeen,Beverages & Snacks,1 lb,2.15,standard,Shop GreenValley Namkeen (1 lb). Keywords: beverages  snacks namkeen greenvalley . Perfect for everyday meals and snacks.,GROC_0919;GROC_0684;GROC_0370
GROC_1087,FarmFresh Diet Green Tea,Beverages & Snacks,1kg,11.47,sugar_free;low_calorie,Shop FarmFresh Diet Green Tea (1kg). Keywords: beverages  snacks green tea farmfresh diet. Perfect for everyday meals and snacks.,GROC_0717
GROC_1088,Nature's Best Diet Soft Drinks,Beverages & Snacks,1 Gallon,2.18,sugar_free;low_calorie,Shop Nature's Best Diet Soft Drinks (1 Gallon). Keywords: beverages  snacks soft drinks nature's best diet. Perfect for everyday meals and snacks.,GROC_0480;GROC_0360
GROC_1089,GreenValley Spicy Raisins,Beverages & Snacks,2 lbs,6.87,standard,Shop GreenValley Spicy Raisins (2 lbs). Keywords: beverages  snacks raisins greenvalley spicy. Perfect for everyday meals and snacks.,GROC_0608;GROC_0480;GROC_0897
GROC_1090,SunKissed Trail Mix,Beverages & Snacks,5kg,5.39,standard,Shop SunKissed Trail Mix (5kg). Keywords: beverages  snacks trail mix sunkissed . Perfect for everyday meals and snacks.,GROC_0100;GROC_0069
GROC_1091,GreenValley Extra Crunchy Soft Drinks,Beverages & Snacks,1 Gallon,1.95,standard,Shop GreenValley Extra Crunchy Soft Drinks (1 Gallon). Keywords: beverages  snacks soft drinks greenvalley extra crunchy. Perfect for everyday meals and snacks.,GROC_0614;GROC_0175;GROC_0316
GROC_1092,OrganicLife Extra Crunchy Tea,Beverages & Snacks,2 lbs,7.59,organic,Shop OrganicLife Extra Crunchy Tea (2 lbs). Keywords: beverages  snacks tea organiclife extra crunchy. Perfect for everyday meals and snacks.,GROC_0145
GROC_1093,Essential Roasted Tea,Beverages & Snacks,5kg,1.48,standard,Shop Essential Roasted Tea (5kg). Keywords: beverages  snacks tea essential roasted. Perfect for everyday meals and snacks.,GROC_0865;GROC_0506
GROC_1094,Essential Green Tea,Beverages & Snacks,5kg,12.33,standard,Shop Essential Green Tea (5kg). Keywords: beverages  snacks green tea essential . Perfect for everyday meals and snacks.,GROC_0457;GROC_0127
GROC_1095,Nature's Best Spicy Almonds,Beverages & Snacks,500g,3.76,standard,Shop Nature's Best Spicy Almonds (500g). Keywords: beverages  snacks almonds nature's best spicy. Perfect for everyday meals and snacks.,GROC_0963
GROC_1096,Premium Select Roasted Crackers,Beverages & Snacks,2kg,12.42,standard,Shop Premium Select Roasted Crackers (2kg). Keywords: beverages  snacks crackers premium select roasted. Perfect for everyday meals and snacks.,GROC_0335
GROC_1097,GreenValley Roasted Raisins,Beverages & Snacks,1kg,9.98,standard,Shop GreenValley Roasted Raisins (1kg). Keywords: beverages  snacks raisins greenvalley roasted. Perfect for everyday meals and snacks.,GROC_0130;GROC_0802
GROC_1098,SunKissed Extra Crunchy Namkeen,Beverages & Snacks,500g,8.65,standard,Shop SunKissed Extra Crunchy Namkeen (500g). Keywords: beverages  snacks namkeen sunkissed extra crunchy. Perfect for everyday meals and snacks.,GROC_0106;GROC_0111;GROC_0778
GROC_1099,GreenValley Spicy Biscuits,Beverages & Snacks,100g,8.97,standard,Shop GreenValley Spicy Biscuits (100g). Keywords: beverages  snacks biscuits greenvalley spicy. Perfect for everyday meals and snacks.,GROC_0374
GROC_1100,Daily Delight Roasted Hot Chocolate,Beverages & Snacks,1kg,5.81,standard,Shop Daily Delight Roasted Hot Chocolate (1kg). Keywords: beverages  snacks hot chocolate daily delight roasted. Perfect for everyday meals and snacks.,GROC_0611;GROC_0539;GROC_0084
